Frequency,Word,Reading,Type,Meaning
1,の,,case particle,of; in; at; for; by
2,に,,case particle,at; on; in; to; for
3,は,,particle,TOPIC
4,た,,auxiliary,PAST
5,を,,case particle,ACCUSATIVE
6,だ,,auxiliary,COPULA
7,が,,case particle,NOMINATIVE
8,て,,conjunctive particle,REASON
9,と,,case particle,and; or; with; if
10,ます,,auxiliary,POLITE (after verb)
11,も,,particle,"too, also"
12,で,,case particle,in; at; from; by
13,ている、てる,,compound,CONTINUATION
14,です,,auxiliary,COPULA (polite)
15,れる,,auxiliary,PASSIVE
16,という、つう,,compound,"called, named"
17,事,,noun,thing
18,えー、ええ,,interjection,"eh?, what?; well, yes"
19,言う,,verb,"say, speak, talk"
20,のです、んです,,compound,ASSERTION (polite)
21,あの、あのう、あのー,,interjection,"Excuse me; uh, eh, um, ah, er"
22,する,,verb,do; make
23,まー、まあ,,interjection,"Wow!, Oh my God!"
24,の,,particle,PARTICLE
25,ある,,verb,"be (existence), have (possession), happen, occur"
26,ね,,discourse particle,"isn’t it?, don’t you?"
27,ない,,auxiliary,not
28,なる,,verb,"become, get; come to do, start to do; turn into"
29,か,,discourse particle,QUESTION
30,その,,adnominal,that
31,けれど,,conjunction,"though, although"
32,から,,case particle,from
33,よう,,auxiliary,INDUCEMENT
34,思う,,verb,"think, believe; feel; expect"
35,で,,conjunction,"so, then"
36,か,,particle,if; or
37,が,,conjunctive particle,ADVERSATIVE
38,物,,noun,"thing, object, stuff"
39,そう,,adverb,"so, such"
40,何,,pronoun,what; something; anything; nothing
41,と,,conjunctive particle,"if, when; with"
42,私,わたし,pronoun,I
42,私,わたくし,pronoun,I
42,私,あたし,pronoun,I
43,てしまう,,compound,end up doing ...
44,それ,,pronoun,that
45,とか,,particle,and; or
46,この,,adnominal,this
47,無い,,i-adjective,"There is no ... , no ..."
48,行く,,verb,go; come
49,のだ、んだ,,compound,ASSERTION
50,せる,,auxiliary,CAUSATIVE
51,これ,,pronoun,this
52,もう,,adverb,already; soon; again
53,である,,compound,COPULA (formal)
54,時,,noun,time
55,な,,discourse particle,PROHIBITION
56,ず,,auxiliary,NEGATION
57,ので、んで,,conjunctive particle,"as, because, since"
58,人,ひと,noun,"person, people, human being"
59,よ,,discourse particle,"ASSERTION, REMINDING (informal)"
60,こう,,adverb,"so, like this"
61,から,,conjunctive particle,"because, since"
62,ば,,conjunctive particle,if
63,や,,particle,and; or
64,来る,くる,verb,come
65,その,,interjection,"uh, er, um, mm"
66,まで,,particle,"to, till, until"
67,見る,,verb,"see; look at, watch; check"
68,たり,,particle,and
69,今,,noun,now
70,良い、いい,,i-adjective,good
71,所,,noun,"place, point; part; aspect"
72,自分,,noun,oneself
73,ん,,interjection,"oh, mm, well"
74,あー,,interjection,"er, uh, um, hmm, ah, oh"
75,やはり、やっぱり,,adverb,"as (one) expected, still"
76,たい,,auxiliary,"want to, like to"
77,やる,,verb,do; make; give
78,中,なか,noun,"inside, in; into"
79,いる,,verb,"be, exist; stay"
80,できる,,verb,be ready
81,など,,particle,"and so on, etc."
82,として,,compound,as
83,後,あと,noun,"after, later"
84,また,,adverb,"additionally, moreover"
84,また,,conjunction,"again; too, and"
85,ちょっと,,adverb,"(just) a little, a bit"
86,てくる,,compound,go and ...
87,だけ,,particle,"only, alone, merely"
88,くらい、ぐらい,,particle,"about, around"
89,ではない,,compound,it is not the case that ...
90,えーと,,interjection,"well, let me see"
91,方,ほう,noun,"direction, way; side"
92,ていく、てく,,compound,go and ...
93,訳,わけ,noun,"reason, cause"
94,へ,,case particle,DESTINATION
95,どう,,adverb,"how, what"
96,し,,conjunctive particle,"and, besides"
97,本当,,noun,"truth, right"
98,持つ,,verb,"have, take, hold"
99,出る,,verb,"go out, come out; attend"
100,ため,,noun,for
101,すごい,,i-adjective,"fantastic, wonderful; terrible"
102,考える,,verb,think
103,そこ,,pronoun,there; then
104,う,,auxiliary,SOLICITATION
105,分かる,,verb,"understand, see"
106,ておる,,compound,CONTINUATION (polite)
107,について,,compound,"about, concerning, as to"
108,それで,,conjunction,and then; so; that is why
109,入る,はいる,verb,"enter, come in, go in"
110,作る,,verb,"make, create, cook"
111,てみる,,compound,try ... ing
112,聞く、聴く,,verb,"hear; listen; listen to, obey"
113,そして,,conjunction,"and, so"
114,てくれる,,compound,[do something as a favor]
115,場合,,noun,"case, occasion"
116,話,,noun,"story, talk"
117,ながら,,conjunctive particle,"with, over, while"
118,そんな,,adnominal,"that, such"
119,使う,,verb,"use, handle"
120,日本,,noun,Japan
121,風,ふう,na-adjective,"style, type, way, like"
122,おー,,interjection,"Oh, Wow!"
123,前,まえ,noun,forward; front; before
124,多い,,i-adjective,"many, much, a lot of"
125,のではない、んではない,,compound,it is not that ...
126,よく,,adverb,"good, well; often"
127,一つ,,noun,one
128,子供,,noun,child
129,非常,,na-adjective,"very, extremely"
130,気,,noun,"mind, heart"
131,ても,,conjunctive particle,even if
132,取る,,verb,"take, get; have; pass"
133,うち,,noun,inside; of; before
134,知る,,verb,know
135,より,,case particle,than; from
136,それから,,conjunction,"and then, after that, and"
137,うー,,interjection,"Woo, Oooh"
138,感じ,,noun,"feeling, impression; atmosphere"
139,みたい,,na-adjective,like
140,でも,,conjunction,"but, however"
141,ここ,,pronoun,here
142,とても、とっても,,adverb,very
143,いろいろ,,"adverb, na-adjective",various
144,一,,noun,one
145,そう,,"noun, na-adjective",be about to
146,行なう,,verb,"do, carry out, hold"
147,一番,,adverb,"number one, first, most"
148,二,,noun,two
149,同じ,,adnominal,same
150,まず,,adverb,first; anyway
151,必要,,na-adjective,necessary n necessity
152,仕事,,noun,"work, job"
152,仕事する,,verb,work
153,余り,,adverb,the rest
153,余り,,noun,(not) much
154,によって,,compound,"by, because of; depend on, depending on"
155,かもしれない,,compound,"perhaps, maybe"
156,僕,ぼく,pronoun,I (used by male speakers)
157,皆,,noun,everyone; everything
158,彼,かれ,pronoun,he
159,方,かた,noun,"person, man"
160,食べる,,verb,eat
161,ほど,,particle,about; extent
162,しかし,,conjunction,"but, however"
163,書く,,verb,write
164,入れる,,verb,put in; include
165,次,つぎ,noun,"next, following, coming"
166,結構,,adverb,quite
166,結構,,na-adjective,good
167,問題,,noun,"problem, question"
168,例えば,,adverb,"for example, such as"
169,目、眼,,noun,eye
170,頃,ころ,noun,"time, about, when"
171,上,うえ,noun,top; above; up; on
172,てくださる,,compound,[do something as a favor (honorific)]
173,他,ほか,noun,"other, another; else"
174,いつ,,pronoun,when
175,家,いえ,noun,"house, home"
176,付く,,verb,stick; be stained with
177,日、陽,,noun,day; sun
178,出す,,verb,take out; pay; send
179,一人,,noun,one person; alone
180,人間,,noun,"human being, man"
181,どこ,,pronoun,where
182,ございます（<ござる）,,verb,[very polite form of “de aru”]
183,時間,,noun,time
184,ただ,,conjunction,just
184,ただ,,adverb,"only, just, merely"
185,だから,,conjunction,"so, therefore, because"
186,違う,,verb,be different; be wrong
187,受ける,,verb,"get, receive, take"
188,言葉,,noun,word; language
189,なんか,,particle,"such as, like"
190,少し,,adverb,"a little, a few"
191,まま,,verb,as it is
192,買う,,adverb,buy
193,まだ,,noun,"yet, still"
194,手,,noun,hand
195,話す,,verb,"talk, tell, speak"
196,好き,,na-adjective,"favorite, like, love"
197,返る,,verb,return
198,てもらう,,compound,[receive a favor]
199,掛ける,,verb,hang; take; cost
200,終わる,,verb,"end, finish"
201,意味,,noun,"meaning, sense"
201,意味する,,verb,mean
202,のである,,compound,ASSERTION (formal)
203,いろんな,,adnominal,various
204,付ける,,verb,put; attach; apply
205,形,,noun,"form, shape, figure"
206,かなり,,adverb,"considerably, rather"
207,三,さん,numeral,three
208,最初,,noun,first
209,間,あいだ,noun,distance; period
210,感じる,,verb,feel
211,しか,,particle,"only, just, no more than"
212,かかる,,verb,hang; take; cost
213,大きな,,adnominal,"big, large, great"
214,住む,,verb,live
215,最近,,noun,"recently, lately"
216,特に,,adverb,"especially, particularly"
217,誰,,pronoun,"who, whose, whom"
218,こんな,,adnominal,"such, like that"
219,友達,,noun,friend
220,大きい,,i-adjective,"big, large, great"
221,すぐ,,adverb,soon
222,一緒,,noun,"together, with"
223,生活,,noun,life
223,生活する,,verb,live
224,国,,noun,country
225,あげる,,verb,"raise, lift"
226,あなた、あんた,,pronoun,you
227,現在,,noun,"present time, now"
228,高い,,i-adjective,"high, tall; expensive"
229,なんて,,particle,[expresses belittlement]
230,悪い,,i-adjective,bad
231,気持ち,,noun,feeling
232,乗る,,verb,"ride, get on, take"
233,において,,compound,at; in; on
234,見える,,verb,"see, be seen"
235,変わる,,verb,change
236,べし,,auxiliary,"must, should"
237,あるいは,,conjunction,"or; perhaps, probably, maybe"
238,大変,,na-adjective,"serious, terrible; hard, difficult"
239,による,,compound,"be due to, be based on"
240,会社,,noun,"company, firm"
241,ほとんど,,adverb,"almost, nearly"
242,実際,,noun,"actually, in fact"
243,先生,,noun,teacher
244,彼女,,pronoun,she; girlfriend
245,二人,,noun,two people
246,心,,noun,"mind, heart; thought; feeling"
247,あの,,adnominal,"that, those"
248,らしい,,auxiliary,"seem, look"
249,ある,,adnominal,"one, a, some, a certain"
250,金,かね,noun,money
251,顔,,noun,face
252,ていただく,,compound,[receive a favor (humble)]
253,ずっと,,adverb,"all the time, for a long time"
254,さらに,,adverb,"again, still more, moreover"
255,町、街,,noun,"town, city"
256,及び,,conjunction,"and, as well as"
257,たくさん,,adverb,"many, much"
258,いー,,interjection,"good, great"
259,大体,,adverb,"almost, nearly"
260,もちろん,,adverb,"of course, needless to say"
261,読む,,verb,read
262,人たち,,noun,people
263,今日,きょう,noun,today
264,昔,,noun,"ancient times, in the past, once"
265,うん,,interjection,"yes, yeah"
266,すべて,,noun,"everything, all"
267,教える,,verb,"teach, tell"
268,子,,noun,child
269,ておく,,compound,"do something in advance, in preparation for something"
270,に対して,,compound,"to, toward; for; against"
271,ばかり,,particle,"only, just, almost"
272,なぜ,,adverb,why
273,水,みず,noun,water
274,当時,,noun,"then, at that time"
275,場所,,noun,"place, spot"
276,置く,,verb,"put, place; leave"
277,楽しい,,i-adjective,"pleasant, happy, enjoyable"
278,にとって,,compound,for
279,声,,noun,voice
280,普通,,na-adjective,"normal, regular, ordinary, common"
281,残る,,verb,"remain, be left"
282,最後,,noun,"last, end"
283,車,,noun,car; wheel
284,初めて,,adverb,"for the first time, first"
285,今度,,noun,"this time, next time"
286,体,からだ,noun,body
287,私達,,pronoun,we
288,強い,,i-adjective,"strong, powerful"
289,全く,,adverb,"entirely, completely; (not) at all"
290,呼ぶ,,verb,call
291,結局,,adverb,"after all, in the end, finally"
292,歩く,,verb,walk
293,男,,noun,"man, male"
294,女性,,noun,"woman, female"
295,学校,,noun,school
296,生きる,,verb,live
297,なかなか,,adverb,"very, quite; (not) easily"
298,先,さき,noun,"end, front"
299,もっと,,adverb,more
300,ことができる,,compound,"can, be able to"
301,テーマ,,noun,"theme, subject"
302,世界,,noun,world
303,状態,,noun,"state, conditions"
304,と,,interjection,"well, erm (abbreviation of “eeto”)"
305,もし,,adverb,"if, in case"
306,全然,,adverb,"(not) at all; utterly, completely"
307,飲む,,verb,drink
308,新しい,,i-adjective,"new, fresh"
309,の,,discourse particle,EMOTION/QUESTION
310,早い,,i-adjective,"early, soon"
311,会う,,verb,"meet, see"
312,アメリカ,,noun,America
313,あれ,,pronoun,that
314,小さい,,i-adjective,"small, little, tiny"
315,相手,,noun,companion; partner
316,母,,noun,mother
317,以上,,noun,more than; mentioned above; since
318,関係,,noun,"relationship, connection"
319,四,,numeral,four
320,たぶん,,adverb,"probably, perhaps, maybe"
321,店,店,noun,"store, shop"
322,どんな,,adnominal,"what, what kind of"
323,頭,,noun,head
324,電話,,noun,"telephone, call"
324,電話する,,verb,"phone, call"
325,長い,,i-adjective,long
326,ことになる,,compound,"it happens that ... , it is decided that"
327,本,,noun,book
328,どの,,adnominal,"which, what"
329,こちら,,pronoun,"this place, here; this way; this"
330,いわゆる,,adnominal,"what is called, what you call, so-called"
331,わ,,discourse particle,EXCLAMATION
332,夜,,noun,"night, evening"
333,別,,na-adjective,"separate, different"
334,者,,noun,"person, people"
335,タイトル,,noun,title
336,親,,noun,parent
337,名前,,noun,name
338,全部,,adverb,"all, whole, entire"
339,皆さん,,noun,"everybody, everyone"
340,により,,compound,by; with; depending on
341,きれい,,na-adjective,"beautiful, pretty; clean"
342,立つ,,verb,stand
343,毎日,,adverb,every day
344,ために,,compound,for
345,おいしい,,i-adjective,"delicious, tasty"
346,または,,conjunction,or
347,家族,,noun,family
348,に対する,,compound,to; for; against
349,部分,,noun,"part, section"
350,一度,,noun,once
351,結果,,noun,result
352,じゃ,,conjunction,"well, so, then"
353,状況,,noun,"state of affairs, situation"
354,時代,,noun,"time, era"
355,少ない,,i-adjective,"a little, a few"
356,他,ほか,noun,"another, other"
357,うまい,,i-adjective,"delicious, tasty; good at"
358,覚える,,verb,"learn, remember, memorize"
359,東京,,noun,Tokyo
360,てある,,compound,[describes a state resulting from someone’s action]
361,続く,,verb,"continue, go on, last"
362,における,,compound,in
363,俺,,pronoun,I (used by male speakers)
364,生まれる,,verb,be born
365,父,,noun,father
366,確か,,"na-adjective, adverb","sure, certain, reliable"
366,確か,,adverb,"maybe, probably; if I remember rightly, it’s my understanding that"
367,それぞれ,,noun,each
368,方法,,noun,"way, method"
369,はず,,noun,"ought to, should"
370,説明,,noun,explanation
370,説明する,,verb,explain
371,なければいけない,,compound,"must, have to, need to"
372,部屋,,noun,room
373,ちょうど,,adverb,"just, exactly"
374,当然,,"adverb, noun","naturally, as a matter of course"
375,大学,,noun,"university, college"
376,ですから,,conjunction,"so, therefore"
377,実,じつ,noun,"truth, true, real"
378,朝,,noun,morning
379,どんどん,,adverb,"rapidly, fast, soon"
380,得る,える,verb,"get, obtain"
380,得る,うる,verb,"get, obtain"
381,とにかく,,adverb,"anyway, regardless"
382,選ぶ,,verb,"choose, select"
383,面白い,,i-adjective,interesting; fun; funny
384,戻る,,verb,"return, go back"
385,勉強,,noun,study
385,勉強する,,verb,"learn, study"
386,やめる,,verb,"stop, give up"
387,下,した,noun,under; below; down; low
388,始める,,verb,"start, begin"
389,まわり,,noun,"circumference; surroundings, neighborhood, around"
390,犬,,noun,dog
391,必ず,,adverb,"always, certainly, surely"
392,残す,,verb,leave
393,大事,,na-adjective,"important, serious"
394,嬉しい,,i-adjective,"glad, happy"
395,力,,noun,"power, strength"
396,遊ぶ,,verb,play
397,若い,,i-adjective,young
398,理由,,noun,reason
399,女,,noun,"woman, female"
400,簡単,,na-adjective,easy
401,始まる,,verb,"start, begin"
402,死ぬ,,verb,die
403,今回,,noun,this time
404,に関する,,compound,"be concerned with, be related to"
405,人生,,noun,life
406,通り,,noun,street; as
407,内容,,noun,contents
408,テレビ,,noun,"television, TV"
409,経験,,noun,experience
409,経験する,,verb,experience
410,木,,noun,wood; tree
411,点,,noun,"point, score"
412,自然,,noun,nature
412,自然,,na-adjective,natural
412,自然,,adverb,naturally
413,音,,noun,"sound, noise"
414,海,,noun,"sea, ocean"
415,一応,,adverb,"at first glance; at least, just"
416,与える,,verb,"give, present"
417,利用,,noun,"use, utilization"
417,利用する,,verb,utilize
418,働く,,verb,work
419,一杯,,"noun, adverb","cup(ful), glass(ful), be full of, a lot of"
420,近く,,noun,"near, nearby"
421,つまり,,adverb,"in short, that is to say, after all"
422,共,,noun,"with, together"
423,存在,,noun,existence
423,存在する,,verb,exist
424,絶対,,"noun, adverb","absolute, absolutely, whatever"
425,日本人,,noun,Japanese (person)
426,大切,,na-adjective,important
427,足,,noun,foot; leg
428,切る,,verb,cut
429,走る,,verb,run
430,待つ,,verb,wait
431,写真,,noun,"picture, photo"
432,子供たち,,noun,children
433,だんだん,,adverb,"gradually, more and more, less and less"
434,二つ,,numeral,two
435,楽しむ,,verb,"enjoy, have a good time"
436,五,,noun,five
437,多く,,noun,"many, most"
438,寝る,,verb,"sleep; lie down, go to bed"
439,英語,,noun,English language
440,決める,,verb,"decide, fix"
441,忘れる,,verb,forget
442,口,,noun,mouth
443,送る,,verb,send; spend (time)
444,姿,,noun,"figure, shape, appearance"
445,なくなる,,verb,disappear; be gone
446,時期,,noun,"time, period, season"
447,逆,,"noun, na-adjective","contrary, opposite"
448,頑張る,,verb,do one’s best
449,示す,,verb,show
450,こそ,,particle,EMPHATIC
451,人々,,noun,people
452,道,,noun,"way, road"
453,有名,,na-adjective,"famous, well-known"
454,てもいい,,compound,(I) don’t mind if
455,思い,,noun,"thought, mind, heart"
456,しかも,,conjunction,"moreover, besides"
457,難しい,,i-adjective,"difficult, hard"
458,彼ら,,pronoun,they
459,山,,noun,mountain
460,程度,,noun,"degree, grade, level, limit"
461,でない,,compound,COPULA (NEGATIVE)
462,願う,,verb,"wish, ask, pray"
463,すでに,,adverb,"already, before"
464,昭和,,noun,Showa era
465,向かう,,verb,"face; go (toward, in the direction of）"
466,連れる,,verb,"take somebody, accompany"
467,変える,,verb,change
468,影響,,noun,influence
468,影響する,,verb,"affect, influence"
469,病院,,noun,"hospital, clinic"
470,年,とし,noun,year; age
471,花,,noun,flower
472,求める,,verb,"ask for, request, demand"
473,情報,,noun,information
474,もらう,,verb,"get, have, receive"
475,友人,,noun,friend
476,だめ,,na-adjective,"useless, hopeless, impossible"
477,経つ,,verb,"pass, go by"
478,先程,,noun,a short while ago
479,一回,,noun,once
480,十分,じゅうぶん,na-adjective,"enough, sufficient"
480,十分,じゅうぶん,adverb,"fully, sufficiently, adequately"
481,小さな,,adnominal,"small, little, tiny"
482,開く,ひらく,verb,open; bloom; hold
483,無人島,,noun,uninhabited island
484,続ける,,verb,"continue, keep up, go on"
485,重要,,na-adjective,important
486,といった,,compound,"like, such as"
487,当たる,,verb,"hit, bump, touch; guess right, win"
488,近い,,i-adjective,"near, close"
489,結婚,,noun,marriage
489,結婚する,,verb,"marry, get married"
490,認める,みとめる,verb,"recognize, acknowledge, admit, approve, accept"
491,これら,,pronoun,these
492,歴史,,noun,history
493,増える,,verb,"increase, gain"
494,音楽,,noun,music
495,なければならない,,compound,must
496,外,,noun,outside
497,進む,,verb,"to go forward, make progress"
498,起きる,,verb,get up; wake; happen
499,嫌,,"noun, na-adjective","unpleasant, disagreeable"
500,駅,,noun,station
501,いや,,interjection,No
502,はい,,interjection,yes; all right
503,映画,,noun,movie
504,身,,noun,"body, oneself; position"
505,客,,noun,"guest, visitor; customer"
506,質問,,noun,question
506,質問する,,verb,question
507,含む,,verb,"contain, include"
508,地域,,noun,"region, area"
509,我が,,adnominal,"my, our, one’s"
510,どうしても,,adverb,"by all means, at any cost, no matter what, after all"
511,のに,,conjunctive particle,"although, though; in order to"
512,娘,,noun,daughter
513,見せる,,verb,show
514,一日,いちにち,noun,"a day, the day, one day"
515,今年,,noun,this year
516,平成,,noun,Heisei era
517,図,,noun,"drawing, figure, diagram"
518,紹介,,noun,introduction
518,紹介する,,verb,introduce
519,合わせる,,verb,"join, add up; adjust"
520,安い,,i-adjective,"low, cheap"
521,夢,,noun,dream
522,つらい,,i-adjective,"hard, difficult, painful"
523,規定,,noun,"regulations, stipulations"
523,規定する,,verb,prescribe
524,どちら,,pronoun,where; which; who
525,中心,,noun,center
526,起こる,,verb,"happen, occur, take place"
527,我々,,pronoun,we
528,（お）母さん,,noun,"mother, Mom"
529,立てる,,verb,"stand, set up, put up"
530,最も,,adverb,"most, extremely"
531,色,,noun,color
532,探す,,verb,"look for, search for, seek"
533,ちゃんと,,adverb,"exactly, regularly, properly"
534,興味,,noun,interest
535,三つ,,numeral,three
536,てほしい,,compound,want /ask someone to do
537,いただく,,verb,"get, receive (humble)"
538,売る,,verb,sell
539,変化,,noun,change
539,変化する,,verb,"change, vary"
540,印象,,noun,impression
541,作品,,noun,"work, production"
542,でございます,,compound,be (formal)
543,参加,,noun,participation
543,参加する,,verb,"take part in, participate"
544,夏,,noun,summer
545,よる,,verb,be due to
546,理解,,noun,understanding
546,理解する,,verb,understand
547,事件,,noun,"incident, event"
548,中国,,noun,China
549,ずつ,,particle,"each, ... by ..."
550,母親,,noun,mother
551,取り敢えず,,adverb,for the time being; at once
552,ところが,,conjunction,however
553,目的,,noun,purpose
554,様々,,na-adjective,"various, all kinds of"
555,答える,,verb,"answer, respond"
556,過ごす,,verb,"spend, live"
557,上がる,,verb,"go up, rise; end; get nervous"
558,一方,,noun,one side
558,一方,,conjunction,on the other hand
559,病気,,noun,"sickness, illness"
560,心配,,na-adjective,"anxious, worried"
560,心配,,noun,"anxiety, worry, care"
560,心配する,,verb,"worry, be anxious"
561,それでも,,conjunction,"but, still"
562,イメージ,,noun,image
562,イメージする,,verb,"imagine, have an impression"
563,笑い,,noun,"laugh, laughter"
564,午後,,noun,"afternoon, p.m."
565,後,ご,noun,"after, later, since"
566,動く,,verb,move; work (machine)
567,主人,,noun,shop owner; husband
568,加える,,verb,"add, include"
569,困る,,verb,"have difficulty, be in trouble"
570,取れる,,verb,come off; be removed
571,環境,,noun,environment
572,対応,,noun,"correspondence, response"
572,対応する,,verb,respond to
573,比べる,,verb,"compare, contrast"
574,高校,,noun,high school
575,食事,,noun,meal
575,食事する,,verb,have a meal
576,引く,,verb,"pull, draw, lead; subtract"
577,辺,,noun,"region, area around"
578,要するに,,conjunction,"in short, to sum up"
579,離れる,,verb,separate; leave; be away from
580,火,ひ,noun,fire
581,実施,,noun,operation
581,実施する,,verb,"enforce, conduct"
582,今後,,adverb,"in the future, from now on"
583,社会,,noun,society
584,練習,,noun,"practice, training"
584,練習する,,verb,"practice, train"
585,使用,,noun,use
585,使用する,,verb,use
586,越える,,verb,"cross over, go over"
587,図る,,verb,attempt; plan; strive
588,企業,,noun,"company, business"
589,奴,,noun,"guy, fellow"
590,はっきり,,adverb,"clearly, certainly"
591,怖い,,i-adjective,"frightening, scary; terrified"
592,例,れい,noun,example
593,絵,,noun,"picture, painting"
594,思い出す,,verb,remember
595,に関して,,compound,"about, regarding, concerning"
596,酒,,noun,"alcohol, sake, rice wine"
597,原因,,noun,cause
598,お前,,noun,you (colloquial)
599,守る,,verb,"protect, defend; keep, obey"
600,小学校,,noun,"elementary school, primary school"
601,回る,,verb,"spin, turn, go around; go via"
602,広い,,i-adjective,"wide, broad, large"
603,猫,,noun,cat
604,向こう,,noun,other side; over there
605,同時,,noun,"simultaneous, at the same time"
606,調べる,,verb,investigate; look up; examine; check
607,のぼる,,verb,"go up, rise; reach"
608,六,,numeral,six
609,のみ,,particle,"only, merely"
610,向ける,,verb,"turn, point"
611,落ちる,,verb,"fall, drop"
612,だが,,conjunction,"but, however"
613,決まる,,verb,be decided
614,起こす,,verb,wake; raise; cause
615,場,,noun,field; place; occasion
616,いずれ,,adverb,"anyway, sooner or later"
616,いずれ,,pronoun,either
617,ホテル,,noun,hotel
618,対象,,noun,"object, target, subject"
619,打つ,うつ,verb,"hit, strike, beat"
620,以前,,noun,"before, formerly"
621,夫,,noun,husband
622,確認,,noun,confirmation
622,確認する,,verb,confirm
623,数,かず,noun,number
624,意見,,noun,"opinion, idea"
625,割と,,adverb,"comparatively, rather"
626,大丈夫,,na-adjective,"safe, all right"
627,通う,,verb,"attend, go to, commute"
628,申し上げる,,verb,"tell, say (humble)"
629,可能性,,noun,possibility
630,述べる,,verb,"describe, say, state"
631,是非,,adverb,"by all means, please; definitely, certainly"
632,さえ,,particle,even; besides; if only
633,三人,,noun,three people
634,料理,,noun,"cooking, dish"
634,料理する,,verb,cook
635,一部,,noun,part
636,きっと,,adverb,"surely, certainly"
637,どうして,,adverb,why
638,歌う,,verb,sing
639,なお,,adverb,"more, still"
640,幾つ,,noun,"how many, how old"
641,ぞ,,discourse particle,EMPHASIS
642,ほしい,,i-adjective,"want, desire"
643,新聞,,noun,newspaper
644,気付く,,verb,"notice, become aware"
645,歌,,noun,song
646,開ける,,verb,open
647,互い,,noun,each other
648,着る,,verb,"put on, wear"
649,違い,,noun,difference
650,しっかり,,adverb,"hard, tight"
651,過ぎる,,verb,"pass, exceed"
652,記憶,,noun,memory
652,記憶する,,verb,memorize
653,思い出,,noun,"memory, reminiscence"
654,しばらく,,adverb,"for a while, a minute, for a long time"
655,基本的,,na-adjective,"basic, fundamental"
656,四月,,noun,April
657,君,きみ,noun,you
658,笑う,,verb,laugh; smile
659,いくら,,adverb,"how much, however"
660,魚,,noun,fish
661,旅行,,noun,"journey, travel"
661,旅行する,,verb,travel
662,父親,,noun,father
663,どれ,,pronoun,which
664,見付ける,,verb,"find, look for"
665,関わる,,verb,"concern, affect, be involved"
666,無理,,na-adjective,"unreasonable, impossible; compulsory"
667,健康,,noun,health
668,味,,noun,"flavor, taste"
669,深い,,i-adjective,deep
670,伝える,,verb,tell; deliver; hand down
671,自由,,noun,"freedom, liberty"
671,自由,,na-adjective,free
672,集まる,,verb,"gather, crowd"
673,戦争,,noun,war
674,流れる,,verb,"flow, float, pass"
675,男性,,noun,"male, man"
676,電車,,noun,train
677,進める,,verb,"advance, move forward"
678,含める,,verb,"include, add"
679,致す,,verb,do (humble)
680,着く,,verb,"arrive, reach"
681,厳しい,,i-adjective,"strict, hard"
682,女の子,,noun,girl
683,パソコン,,noun,personal computer
684,おる,,verb,"be, exist (humble)"
685,活動,,noun,activity
685,活動する,,verb,be active
686,不安,,noun,"anxiety, concern"
686,不安,,na-adjective,"uneasy, insecure"
687,三十分,,noun,thirty minutes
688,限り,,noun,limit
689,いらっしゃる,,verb,"come, go (honorific); be (honorific)"
690,可能,,na-adjective,possible
691,可愛い,,i-adjective,"cute, nice, lovely"
692,際,さい,noun,"when, in case of"
693,途中,,noun,on the way; in the middle of
694,研究,,noun,"research, study"
694,研究する,,verb,"do research, study"
695,様子,,noun,"state of affairs, situation; appearance"
696,ものすごい,,i-adjective,terrible
696,ものすごい,,adverb,terribly
697,合う,,verb,"fit, suit, agree"
698,済む,,verb,"end, finish"
699,通る,,verb,"pass, go along"
700,大人,,noun,adult
701,期待,,noun,expectation
701,期待する,,verb,expect
702,事実,,noun,"fact, actuality"
703,せい,,noun,"fault, cause for blame, because of"
704,一年,,noun,one year
705,一体,,"noun, adverb","how, what, why, who"
706,島,しま,noun,island
707,描く,,verb,draw; describe
708,驚く,,verb,be surprised
709,動物,,noun,animal
710,何度,,noun,"how many times, how often"
711,元々,,adverb,"from the first, originally"
712,素晴らしい,,i-adjective,"wonderful, marvelous"
713,座る,,verb,sit
714,定める,,verb,"provide; stipulate, decide"
715,機会,,noun,opportunity
716,楽しみ,,noun,"pleasure, enjoyment"
717,考え,,noun,"idea, thought"
718,信じる,,verb,"believe, trust"
719,たまたま,,adverb,"accidentally, by chance"
720,古い,,i-adjective,old
721,さ,,discourse particle,ATTRACT ATTENTION
722,面,めん,noun,side; page; surface
723,三月,,noun,March
724,ただし,,conjunction,"but, however, though"
725,常,,noun,way
725,常,,adverb,"always, usually"
726,より,,adverb,"more, better"
727,つもり,,noun,intention
728,考え方,,noun,"way of thinking, attitude"
729,ニュース,,noun,news
730,意識,,noun,"consciousness, awareness"
730,意識する,,verb,be conscious
731,元,もと,noun,beginning; original
732,行動,,noun,"action, act"
732,行動する,,verb,"act, behave"
733,低い,,i-adjective,"low, short"
734,びっくり,,noun,surprise
734,びっくりする,,verb,"be surprised, be amazed"
735,作り方,,noun,how to make
736,元気,,noun,"health, vigor"
736,元気,,na-adjective,"lively, vigorous, well"
737,現われる,,verb,"appear, come into sight"
738,聞こえる,,verb,hear; sound
739,曲,,noun,"piece (music), song, tune"
740,過去,,noun,past
741,やっと,,adverb,at last
742,思える,,verb,it seems that
743,明らか,,na-adjective,"clear, obvious"
744,つつ,,conjunctive particle,while doing; though
745,土地,,noun,"land, ground"
746,振り返る,,verb,"turn one’s head, look back"
747,初め,,noun,beginning
748,評価,,noun,evaluation
748,評価する,,verb,evaluate
749,息子,,noun,son
750,限る,,verb,"limit, restrict"
751,似る,,verb,"look like, resemble"
752,悲しい,,i-adjective,"sad, unhappy"
753,雨,,noun,rain
754,自分達,,noun,themselves; ourselves
755,詳しい,,i-adjective,"detailed, know well, in detail"
756,二十一世紀,,noun,twenty-first century
757,ひどい,,i-adjective,"cruel, serious, terrible"
758,昨日,,noun,yesterday
759,下りる,,verb,go down; come down
760,メール,,noun,e-mail
761,まあ,,adverb,"Oh!, well, now"
762,喜ぶ,,verb,"be glad, rejoice"
763,便利,,noun,convenience
763,便利,,na-adjective,"useful, convenient"
764,迎える,,verb,"go to meet, invite, receive"
765,耳,,noun,ear
766,表現,,noun,expression
766,表現する,,verb,express
767,動き,,noun,"movement, action, motion"
768,注意,,noun,attention
768,注意する,,verb,"notice, be careful"
769,では,,conjunction,"then, well"
770,てあげる,,compound,do something for somebody
771,雰囲気,,noun,"atmosphere, ambience"
772,立場,,noun,"position, standpoint, situation"
773,基づく,,verb,be based
774,間,ま,noun,"time, interval; space"
775,ことがある,,compound,have done; there are sometimes
776,痛い,,i-adjective,"painful, hurt"
777,お父さん,,noun,father
778,辺り,,noun,area around
779,てやる,,compound,do something for somebody/something
780,将来,,noun,future
781,乗せる,,verb,"take on, put on, pick up"
782,自転車,,noun,bicycle
783,白い,,i-adjective,white
784,川,,noun,"river, stream"
785,用いる,,verb,"use, adopt"
786,隣り,,noun,"next door, next"
787,普段,,noun,"usually, ordinarily"
788,法律,,noun,law
789,妻,,noun,wife
790,冬,,noun,winter
791,具体的,,na-adjective,"specific, concrete"
792,もと,,noun,under
793,発生,,noun,occurrence
793,発生する,,verb,"occur, happen"
794,繰り返す,,verb,"repeat, do over again"
795,泣く,,verb,cry
796,七,,noun,seven
797,手紙,,noun,letter
798,出かける,,verb,"go out, leave"
799,努力,,noun,effort
799,努力する,,verb,make an effort
800,増加,,noun,"increase, gain"
800,増加する,,verb,"increase, grow"
801,判断,,noun,judgment
801,判断する,,verb,judge
802,両親,,noun,(both) parents
803,残念,,na-adjective,"disappointing, regrettable"
804,おそらく,,adverb,"probably, likely"
805,家庭,,noun,"home, household, family"
806,軽い,,i-adjective,"light, slight"
807,払う,,verb,pay; sweep away
808,つながる,,verb,"be connected, be related"
809,船,,noun,"ship, boat"
810,九月,,noun,September
811,きっかけ,,noun,"opportunity, motive"
812,授業,,noun,"class, lesson at school"
813,亡くなる,,verb,"die, pass away"
814,止める,とめる,verb,stop
815,不思議,,noun,wonder
815,不思議,,na-adjective,"wonderful, strange, mysterious"
816,茶,,noun,tea; brown
817,直接,,"noun, adverb","directly, direct"
818,バス,,noun,bus
819,効果,,noun,"effectiveness, effect"
820,現実,,noun,"reality, actuality"
821,触れる,,verb,touch; experience
822,飼う,,verb,"keep, have, breed"
823,しゃべる,,verb,"talk, chat"
824,国民,,noun,"nation, people (of country), public"
825,さす,,verb,shine; pour; put
826,やり方,,noun,"way of doing, how to, approach"
827,ずいぶん,,adverb,"very, pretty, quite"
828,日本語,,noun,Japanese language
829,十月,,noun,October
830,気分,,noun,"feeling, mood"
831,開発,,noun,development
831,開発する,,verb,develop
832,殺す,,verb,kill
833,特徴,,noun,"characteristic, feature"
834,神,,noun,"God, deity, spirit"
835,暮らす,,verb,live
836,飛ぶ,,verb,fly
837,終わり,,noun,end
838,雑誌,,noun,magazine
839,怒る,,verb,get angry
840,整備,,noun,"maintenance, service"
840,整備する,,verb,prepare
841,んと,,interjection,well
842,建物,,noun,building
843,発見,,noun,discovery
843,発見する,,verb,discover
844,相談,,noun,consultation
844,相談する,,verb,consult
845,連絡,,noun,"connection, contact"
845,連絡する,,verb,contact
846,止まる,とまる,verb,stop
847,一生懸命,,na-adjective,"hard, as hard as one can"
848,用意,,noun,preparation
848,用意する,,verb,prepare
849,変,,na-adjective,"strange, unusual, funny"
850,十二月,,noun,December
851,学ぶ,,verb,learn
852,突然,,adverb,suddenly
853,首,,noun,"neck, head; firing, sacking (of an employee)"
854,設定,,noun,establishment
854,設定する,,verb,"establish, set"
855,ゆっくり,,adverb,"slowly, leisurely; plenty of time"
856,目指す,,verb,"aim, go toward"
857,したがって,,conjunction,"accordingly, consequently"
858,一月,,noun,January
859,成す,,verb,"form, constitute"
860,集める,,verb,"gather, collect"
861,失う,,verb,lose
862,光,,noun,light
863,並ぶ,,verb,"line, stand in line"
864,八月,,noun,August
865,とく,,auxiliary,[shortened form of “te oku”]
866,七月,,noun,July
867,美しい,,i-adjective,beautiful
868,五月,,noun,May
869,優しい,,i-adjective,"gentle, tender, kind, friendly"
870,タバコ,,noun,"cigarette, tobacco"
871,後ろ,,noun,"behind, back"
872,六月,,noun,June
873,異なる,,verb,be different
874,十一月,,noun,November
875,新た,,na-adjective,another
876,飛行機,,noun,airplane
877,（お）ばあさん,,noun,old lady; grandmother
878,至る,,verb,"lead to, get"
879,午前,,noun,"morning, a.m."
880,育てる,,verb,"bring up, train, develop"
881,種類,,noun,"kind, sort, variety"
882,商品,,noun,"goods, item of merchandise"
883,生じる,,verb,"bring about, cause, arise"
884,イギリス,,noun,"United Kingdom, Britain, England"
885,大好き,,na-adjective,love
886,語る,,verb,"talk, tell"
887,胸,,noun,"chest, heart"
888,頼む,,verb,"ask, order"
889,体験,,noun,experience
889,体験する,,verb,"experience, have experience of"
890,材料,,noun,"materials, ingredient"
891,広がる,,verb,"spread, stretch"
892,きちんと,,adverb,"precisely, accurately, neatly"
893,そちら,,pronoun,your place; there; you
894,勝つ,,verb,"win, defeat"
895,運動,,noun,exercise
895,運動する,,verb,"exercise, move"
896,捨てる,,verb,"throw away, abandon"
897,幸せ,,na-adjective,happy
897,幸せ,,noun,"happiness; fortune, luck"
898,通す,,verb,"pass, show ... into"
899,横,,noun,"side, beside"
900,伴う,,verb,"accompany, involve"
901,命,,noun,life
902,流れ,,noun,"stream, flow, current"
903,育つ,,verb,grow up
904,ちなみに,,conjunction,"by the way, incidentally"
905,予定,,noun,"plan, schedule"
905,予定する,,verb,plan
906,決して,,adverb,"never, by no means"
907,馬,,noun,horse
908,完全,,na-adjective,"perfect, complete"
909,学生,,noun,student
910,風,かぜ,noun,wind
911,性格,,noun,"character, personality"
912,死,,noun,death
913,位置,,noun,"position, location"
913,位置する,,verb,be located
914,発展,,noun,development
914,発展する,,verb,"develop, expand"
915,おかしい,,i-adjective,"funny, amusing"
916,近所,,noun,neighborhood
917,一本,,noun,one (long/cylindrical object)
918,張る,,verb,"stretch, put up"
919,ご飯,,noun,"rice, meal"
920,危険,,noun,"danger, hazard"
920,危険,,na-adjective,dangerous
921,かしら,,discourse particle,I wonder
922,すなわち,,conjunction,"that is (to say), namely"
923,海外,,noun,"overseas, abroad, foreign"
924,教育,,noun,education
924,教育する,,verb,educate
925,想像,,noun,"imagination, image"
925,想像する,,verb,imagine
926,実は,,adverb,"actually, in fact"
927,許す,,verb,"allow, permit, forgive"
928,表,ひょう,noun,"table, chart"
929,文化,,noun,culture
930,八,,noun,eight
931,食べ物,,noun,food
932,借りる,,verb,"borrow, rent"
933,だけれど,,conjunction,"despite, though"
934,準備,,noun,preparation
934,準備する,,verb,prepare
935,二月,,noun,February
936,や,,auxiliary,COPULA (dialectal)
937,月,つき,noun,month; moon
938,世の中,,noun,"world, society"
939,インターネット,,noun,Internet
940,春,,noun,spring
941,旅,,noun,"trip, journey"
942,二年,,noun,two years
943,寒い,,i-adjective,cold
944,年,ねん,noun,year
945,同様,,na-adjective,"similar, same"
946,一般,,noun,general
947,第一,,noun,first
948,三年,,noun,three years
949,申す,,verb,"say, be (humble)"
950,押す,,verb,"push, press"
951,責任,,noun,responsibility
952,選択,,noun,"selection, choice"
952,選択する,,verb,choose
953,負ける,,verb,"lose, be beaten"
954,技術,,noun,"technique, skill"
955,一般的,,na-adjective,"general, common, ordinary"
956,そば,,noun,"side, beside"
957,減る,,verb,"decrease, become less"
958,記事,,noun,article
959,本人,,noun,"person himself/herself, person in question"
960,焼く,,verb,"roast, bake"
961,たまに,,adverb,"occasionally, once in a while"
962,慣れる,,verb,get used to
963,もしくは,,conjunction,"or, otherwise"
964,出会う,,verb,"meet, come across"
965,推進,,noun,propulsion
965,推進する,,verb,"promote, drive"
966,自ら,,noun,"personally, oneself, own"
967,作業,,noun,"operation, work"
967,作業する,,verb,work
968,私自身,,noun,"myself, my own"
969,たび,,noun,every time
970,付き合う,,verb,"associate with, go out with, go along with"
971,半分,,noun,half
972,条件,,noun,condition
973,医者,,noun,doctor
974,振る,,verb,"wave, shake, swing"
975,関心,,noun,interest
976,表示,,noun,indication
976,表示する,,verb,"display, indicate"
977,秋,,noun,"autumn, fall"
978,明るい,,i-adjective,"bright, light; cheerful"
979,趣味,,noun,hobby
980,生徒,,noun,"student, pupil"
981,相当,,na-adjective,considerable
981,相当,,noun,equivalence
981,相当する,,verb,be equivalent
982,従う,,verb,"obey, follow"
983,検討,,noun,"consideration, discussion, examination"
983,検討する,,verb,"consider, discuss"
984,占める,,verb,"occupy, account for"
985,まさに,,adverb,exactly
986,選手,,noun,"player, athlete"
987,以下,,noun,"below, the following"
988,大きさ,,noun,size
989,調査,,noun,investigation
989,調査する,,verb,"investigate, inquire, explore"
990,分,ぶん,"adverb, noun","part, share, portion"
991,実家,,noun,one’s parents’ home
992,発表,,noun,"announcement, publication"
992,発表する,,verb,"announce, publish"
993,むしろ,,adverb,"rather, if anything"
994,作成,,"noun, verb","make, create"
995,名,,noun,name
996,確保,,noun,"securement, reservation"
996,確保する,,verb,"secure, maintain, guarantee"
997,まるで,,adverb,"just like, quite"
998,運ぶ,,verb,"carry, transport, move"
999,こともある,,compound,"sometimes, can be"
1000,てはいけない、ちゃいけない,,compound,"must not, should not"
1001,正しい,,i-adjective,"right, accurate, proper"
1002,ほぼ,,adverb,"about, nearly, almost"
1003,表わす,,verb,"show, express, symbolize"
1004,毎年,,"adverb, noun","every year, annually"
1005,文字,,noun,"letter, character, writing"
1006,空,そら,noun,"sky, air"
1007,に対し,,compound,toward; against; in contrast to
1008,明日,,"adverb, noun",tomorrow
1009,役割,,noun,"part, role"
1010,地球,,noun,"earth, globe"
1011,公園,,noun,park
1012,個人,,noun,individual
1013,やら,,particle,"and, or"
1014,消える,,verb,go off; disappear
1015,激しい,,i-adjective,"fierce, intense, severe"
1016,短い,,i-adjective,short
1017,薬,,noun,medicine
1018,試合,,noun,"match, game, bout"
1019,成長,,noun,growth
1019,成長する,,verb,grow
1020,おなか,,noun,"stomach, belly"
1021,機能,,noun,"function, capability, feature"
1021,機能する,,verb,"function, work"
1022,ボール,,noun,ball
1023,少年,,noun,"boy, juvenile"
1024,方向,,noun,"direction, course"
1025,遅い,,i-adjective,late; slow
1026,資料,,noun,"document, material, data"
1027,タイプ,,noun,type
1027,タイプする,,verb,type
1028,扱う,,verb,"deal with, handle, treat"
1029,指摘,,noun,designation
1029,指摘する,,verb,"point out, indicate"
1030,ヨーロッパ,,noun,Europe
1031,除く,,verb,remove; except; get rid of
1032,それら,,pronoun,"those, these, they"
1033,ご存じ,,noun,"know, knowing (honorific)"
1034,意外,,na-adjective,"unexpected, surprising"
1035,一週間,,noun,one week
1036,何回,,noun,how many times
1037,政府,,noun,government
1038,分ける,,verb,"divide, distribute; classify"
1039,計画,,noun,"project, schedule, plan"
1039,計画する,,verb,plan
1040,段階,,noun,"grade, stage, step"
1041,量,,noun,"quantity, volume, amount"
1042,田舎,,noun,countryside; one’s hometown
1043,感動,,noun,deep emotion
1043,感動する,,verb,"be impressed, be moved"
1044,スポーツ,,noun,sports
1045,感覚,,noun,"sense; sensation, feeling"
1046,地元,,noun,"home area, local area"
1047,勝手,,na-adjective,"on one’s own, at one’s convenience"
1048,さすが,,adverb,"as might be expected, as one would expect"
1049,寂しい,,i-adjective,"lonely, lonesome"
1050,再び,,adverb,"again, once more"
1051,利く,,verb,"act, work"
1052,勤める,,verb,"be employed, work for"
1053,吸う,,verb,"breathe in, sip, smoke"
1054,流す,,verb,flush; pour; drain
1055,希望,,noun,"hope, wish, request"
1055,希望する,,verb,"hope, wish, desire"
1056,急,,na-adjective,"urgent, sudden; steep; sharp"
1057,勧める,,verb,"encourage, recommend"
1058,年齢,,noun,"age, years"
1059,フランス,,noun,France
1060,仕方,,noun,"way, method"
1061,なし,,noun,"without, no"
1062,さて,,conjunction,"well, now"
1063,疲れる,,verb,get tired
1064,落とす,,verb,"drop, lose, turn down"
1065,人気,,noun,popularity
1066,弱い,,i-adjective,"weak, faint, light"
1067,まとめる,,verb,"summarize, settle, gather"
1068,格好,,noun,"appearance, shape, look"
1069,渡る,,verb,"cross, go across"
1070,患者,,noun,"patient, case"
1071,壁,,noun,"wall, barrier"
1072,道路,,noun,"road, way, street"
1073,参る,,verb,"go, come, visit (humble); be in trouble, be embarrassed"
1074,反対,,noun,"opposition, contrast, objection"
1074,反対する,,verb,oppose
1075,他人,,noun,"others, unrelated person, stranger"
1076,提供,,noun,offer
1076,提供する,,verb,"supply, sponsor"
1077,空気,,noun,"air, atmosphere"
1078,去年,,"adverb, noun",last year
1079,肩,,noun,shoulder
1080,知れる,,verb,"come out, come to light, be discovered"
1081,匂い,,noun,"smell, odor, scent"
1082,銀行,,noun,bank
1083,実現,,noun,"realization, implementation"
1083,実現する,,verb,"realize, put into practice"
1084,ありがとう,,interjection,thank you
1085,購入,,noun,buying
1085,購入する,,verb,"purchase, buy"
1086,十年,,noun,"ten years, decade"
1087,右,,noun,right
1088,全体,,noun,"total, whole, entire"
1089,話題,,noun,"topic, subject"
1090,認識,,noun,"recognition, awareness"
1090,認識する,,verb,"recognize, be aware"
1091,安心,,noun,"peace of mind, relief"
1091,安心する,,verb,feel relieved
1092,雪,,noun,snow
1093,ポイント,,noun,point
1094,十,,numeral,ten
1095,仲間,,noun,"company, fellow, mate, group"
1096,かつ,,conjunction,"besides, also, as well"
1097,知識,,noun,"knowledge, information"
1098,多少,,"adverb, noun",more or less; somewhat; a little
1099,緑,,noun,green; greenery
1100,解決,,noun,"solution, settlement"
1100,解決する,,verb,"solve, settle"
1101,狭い,,i-adjective,"narrow, small"
1102,一時間,,noun,one hour
1103,失敗,,noun,"failure, mistake"
1103,失敗する,,verb,fail
1104,いきなり,,adverb,"suddenly, without notice"
1105,成功,,noun,"success, achievement"
1105,成功する,,verb,succeed
1106,マンション,,noun,"apartment, condominium, flat"
1107,協力,,noun,"cooperation, collaboration"
1107,協力する,,verb,"cooperate, collaborate"
1108,伯父,,noun,uncle
1109,時々,,adverb,"sometimes, once in a while, on occasion"
1110,産む、生む,,verb,give birth; produce
1111,卒業,,noun,graduation
1111,卒業する,,verb,graduate
1112,降る,,verb,"fall, come down"
1113,野菜,,noun,vegetable
1114,自分自身,,noun,oneself
1115,報告,,noun,"report, information, account"
1115,報告する,,verb,inform
1116,落ち着く,,verb,"settle, calm down"
1117,決定,,noun,"decision, determination"
1117,決定する,,verb,"decide, determine"
1118,割合,,adverb,comparatively
1118,割合,,noun,"ratio, percentage"
1119,移動,,noun,movement
1119,移動する,,verb,"transfer, move, migrate"
1120,いまだ,,adverb,"still, yet, so far"
1121,血,,noun,blood
1122,応ずる、応じる,,verb,"answer, respond, accept"
1123,涙,,noun,tear
1124,表情,,noun,"expression, facial expression, look"
1125,ああ,,adverb,like that
1126,逃げる,,verb,"run away, escape"
1127,次第,,adverb,depend on; as soon as
1127,次第,,noun,order
1128,楽,,na-adjective,"comfort, ease, comfortable"
1129,やがて,,adverb,"soon, before long, after all"
1130,ではありません、じゃありません,,compound,"not, no"
1131,かつて,,adverb,"once, before, ever, former"
1132,ごみ,,noun,"rubbish, garbage, trash"
1133,警察,,noun,police
1134,兄,,noun,elder brother
1135,くれる,,verb,give
1136,代わり,,noun,"substitute, replacement, alternative"
1137,外国,,noun,foreign country
1138,細かい,,i-adjective,"small, fine; trivial; sensitive"
1139,静か,,na-adjective,"quiet, silent"
1140,腰,,noun,"back, lower back, waist, hip"
1141,開催,,noun,"holding, opening"
1141,開催する,,verb,"hold, open"
1142,瞬間,,"adverb, noun","moment, instant, second"
1143,近付く,,verb,"approach, get closer to"
1144,わずか,,na-adjective,"a few, a little, a bit"
1144,わずか,,adverb,only
1145,暗い,,i-adjective,dark; depressed
1146,届く,,verb,"reach, arrive"
1147,窓,,noun,window
1148,ストレス,,noun,stress
1149,伸ばす,,verb,"extend, lengthen; postpone"
1150,ドア,,noun,door
1151,森,,noun,"forest, woods, grove"
1152,目標,,noun,"goal, objective, target"
1153,本来,,"adverb, noun","originally, essentially, by nature, proper"
1154,重い,,i-adjective,"heavy, important"
1155,変更,,noun,"change, modification, revision"
1155,変更する,,verb,"change, revise"
1156,感謝,,noun,"gratitude, appreciation"
1156,感謝する,,verb,"thank, be grateful"
1157,腕,,noun,"arm; skill, ability"
1158,手術,,noun,"surgery, operation"
1158,手術する,,verb,operate
1159,当たり前,,na-adjective,"natural, usual, common, ordinary"
1160,時点,,noun,"point of time, as of"
1161,１日,ついたち,noun,first (date)
1162,馬鹿,,na-adjective,foolish
1162,馬鹿,,noun,fool
1163,忙しい,,i-adjective,"busy, occupied"
1164,おく,,verb,at; in; on
1165,愛する,,verb,"love, care"
1166,それでは、それじゃ,,conjunction,"then, well, so"
1167,遠い,,i-adjective,"far, distant"
1168,苦労,,noun,"hardship, difficulty, trouble"
1168,苦労する,,verb,"have trouble, have a hard time"
1169,押さえる,,verb,"press down, hold"
1170,課題,,noun,"subject; assignment, task"
1171,とともに,,compound,"together with, with"
1172,見付かる,,verb,"be found, be discovered"
1173,うそ,,noun,"lie, falsehood"
1174,仰る,,verb,"say, tell, speak (honorific)"
1175,主張,,noun,"argument, claim"
1175,主張する,,verb,"argue, insist"
1176,施設,,noun,"facility, institution, plant"
1177,チェック,,noun,check
1177,チェックする,,verb,check
1178,一ヶ月,,noun,one month
1179,ものの,,conjunctive particle,"but, although, despite"
1180,展開,,noun,development
1180,展開する,,verb,"develop, unfold"
1181,事業,,noun,"business, enterprise, project"
1182,データ,,noun,data
1183,役,やく,noun,"part, role, duty"
1184,伸びる,,verb,"grow, stretch, extend"
1185,通常,,"adverb, noun","normally, ordinary, regular"
1186,ピアノ,,noun,piano
1187,行為,,noun,action; motion; behavior
1188,悩む,,verb,"be worried, be troubled, suffer"
1189,第二,,numeral,"second, secondary; another"
1190,議論,,noun,"argument, discussion, controversy"
1190,議論する,,verb,discuss
1191,記録,,noun,"record, document"
1191,記録する,,verb,"record, write down"
1192,当てる,,verb,"hit, put, expose, guess"
1193,出来事,,noun,"event, affair, happening"
1194,温かい,,i-adjective,"warm, genial"
1195,おかげ,,noun,"thanks, virtue"
1196,安全,,na-adjective,safe
1196,安全,,noun,"safety, security"
1197,眺める,,verb,"see, view, gaze"
1198,いかに,,adverb,"how, in what way"
1199,設置,,noun,installation
1199,設置する,,verb,"set up, place"
1200,極めて,,adverb,"very, extremely"
1201,入院,,noun,"hospitalization, admission to hospital"
1201,入院する,,verb,hospitalize
1202,積極的,,na-adjective,"active, positive, aggressive"
1203,事故,,noun,"accident, incident, trouble"
1204,たたく,,verb,"slap, hit, knock, clap"
1205,としても,,compound,"assuming, even if"
1206,会話,,noun,conversation
1206,会話する,,verb,"talk, chat"
1207,方々,かたがた,noun,people
1208,要る,,verb,"need, want"
1209,鳥,,noun,bird; poultry
1210,何とか,,adverb,somehow
1210,何とか,,noun,something
1211,市,し,noun,"city, town"
1212,眠る,,verb,sleep
1213,自信,,noun,confidence
1214,固い,,i-adjective,"hard, solid, stiff"
1215,戦後,,"adverb, noun","postwar, after the war"
1216,値段,,noun,"price, value, cost"
1217,通じる,,verb,"lead; communicate, understand"
1218,動かす,,verb,"move, shift, operate"
1219,トイレ,,noun,"toilet, restroom, bathroom"
1220,あんな,,adnominal,"such, like that"
1221,避ける,,verb,"avoid, keep away from"
1222,お勧め,,noun,"recommendation, advice"
1222,お勧めする,,verb,"recommend, advise"
1223,野球,,noun,baseball
1224,穴,,noun,"hole, pit"
1225,クリック,,noun,click
1225,クリックする,,verb,click
1226,捕らえる,,verb,"catch, grasp, seize, arrest"
1227,昨年,,"adverb, noun",last year
1228,減少,,noun,"decrease, reduction"
1228,減少する,,verb,"decline, decrease"
1229,洗う,,verb,wash
1230,左,,noun,left
1231,珍しい,,i-adjective,"rare, unusual, unique"
1232,尋ねる,,verb,"ask, look for"
1233,一言,,noun,"one word, single word, brief comment"
1234,男の子,,noun,"boy, male child"
1235,制度,,noun,"system, institution"
1236,買い物,,noun,shopping
1236,買い物する,,verb,go shopping
1237,チーム,,noun,team
1238,登場,,noun,"entry, appearance"
1238,登場する,,verb,"appear, emerge"
1239,期間,,noun,"period, term, interval"
1240,金額,,noun,amount of money
1241,塩,,noun,salt
1242,奥,,noun,"inner part, back; bottom"
1243,九,,numeral,nine
1244,まだまだ,,adverb,"still, still more"
1245,習う,,verb,"take lessons, be taught, learn"
1246,番組,,noun,"show, program"
1247,一時,,"adverb, noun","at one time, temporary, for a while"
1248,ケース,,noun,case
1249,傾向,,noun,"tendency, trend, inclination"
1250,日々,,adverb,"every day, daily"
1250,日々,,noun,days
1251,拡大,,noun,"enlargement, expansion"
1251,拡大する,,verb,"enlarge, expand"
1252,レベル,,noun,level
1253,よろしく,,adverb,"well, properly, best regards"
1254,疑問,,noun,"question, problem, doubt"
1255,それなり,,noun,"in itself, as it is, in its way"
1256,現状,,noun,"present condition, existing state"
1257,ドイツ,,noun,Germany
1258,取り上げる,,verb,"pick up, adopt; take away"
1259,主に,,adverb,"mainly, for the most part, chiefly"
1260,伯母,,noun,aunt
1261,パン,,noun,bread
1262,クラス,,noun,class
1263,肉,,noun,"meat, flesh, fat"
1264,なるべく,,adverb,"as ... as possible, if possible"
1265,指,,noun,finger
1266,態度,,noun,"attitude, manner, behavior"
1267,地,,noun,"earth, ground, land, place"
1268,全国,,noun,"nationwide, whole country, national"
1269,答え,,noun,"answer, solution"
1270,世話,,noun,care
1270,世話する,,verb,"take care of, look after"
1271,差,,noun,"difference, gap, margin"
1272,一切,,"adverb, noun","all, entirely, not ... at all"
1273,食う,,verb,"eat, consume"
1274,文章,,noun,"sentence; writing, text"
1275,背景,,noun,"background, context, setting"
1276,負担,,noun,"burden, load, charge"
1276,負担する,,verb,bear
1277,事情,,noun,"circumstance, situation, reason"
1278,メンバー,,noun,"member, participant"
1279,ようやく,,adverb,"at last, gradually, barely"
1280,地方,ちほう,noun,"area, district, countryside"
1281,豊か,,na-adjective,"abundant, plentiful, rich"
1282,助ける,,verb,"help, rescue, save"
1283,詰まる,,verb,"be blocked, be packed, be clogged"
1284,一個,,noun,"one, piece"
1285,大阪,,noun,Osaka
1286,果たす,,verb,"carry out, achieve, fulfil"
1287,支える,,verb,"support, hold, sustain"
1288,抱える,,verb,"hold, carry, employ"
1289,大分,,adverb,"very, a lot, much"
1290,追う,,verb,"follow, chase, pursue"
1291,権利,,noun,"right, claim, entitlement"
1292,何々,,pronoun,"such and such, this and that"
1293,計算,,noun,calculation
1293,計算する,,verb,"calculate, count, figure"
1294,痛み,,noun,"pain, ache"
1295,返す,,verb,return; repay; turn over
1296,庭,,noun,"garden, yard"
1297,納得,,noun,agreement
1297,納得する,,verb,"understand, be convinced"
1298,組織,,noun,"organization, structure"
1298,組織する,,verb,organize
1299,能力,,noun,"ability, capacity, power; proficiency"
1300,人口,,noun,population
1301,薄い,,i-adjective,"thin, light, weak"
1302,注,,noun,"note, annotation, comment"
1303,二回,,noun,twice
1304,治療,,noun,"cure, treatment, therapy"
1304,治療する,,verb,"treat, cure"
1305,昼,,noun,noon; daytime
1306,を通じて,,compound,"throughout, across, through"
1307,せっかく,,adverb,"with effort, take the trouble to"
1308,赤い,,i-adjective,red
1309,比較的,,na-adjective,"comparative, relative"
1310,サービス,,noun,service
1310,サービスする,,verb,"attend, serve"
1311,何人,,noun,how many people
1312,荷物,,noun,"baggage, parcel, burden"
1313,魅力,,noun,"charm, attraction, appeal"
1314,現場,,noun,"field, scene, spot"
1315,道具,,noun,"tool, instrument"
1316,遠く,,adverb,"far, remote"
1316,遠く,,noun,distance
1317,中学,,noun,junior high school
1318,村,,noun,village
1319,システム,,noun,system
1320,あそこ,,pronoun,"there, over there"
1321,十時,,noun,ten o’clock
1322,息,,noun,"breath, respiration"
1323,伝わる,,verb,"spread, descend, travel"
1324,撮影,,noun,shooting
1324,撮影する,,verb,"shoot, photograph"
1325,指導,,noun,guidance
1325,指導する,,verb,"guide, coach"
1326,生かす,,verb,keep alive; make use of
1327,韓国,,noun,"Korea, South Korea, Republic of Korea"
1328,字,じ,noun,"letter, character; handwriting"
1329,指定,,noun,appointment
1329,指定する,,verb,specify
1330,経営,,noun,management
1330,経営する,,verb,"manage, run"
1331,あらゆる,,adnominal,"every, all, any"
1332,価値,,noun,"value, worth"
1333,南,,noun,south
1334,成立,,noun,completion
1334,成立する,,verb,"establish, conclude, come into existence"
1335,季節,,noun,season
1336,導入,,noun,introduction
1336,導入する,,verb,introduce
1337,ことにする,,auxiliary,"decide to, pretend to"
1338,一枚,,noun,"one (sheet, slice)"
1339,い,,discourse particle,QUESTION
1340,先輩,,noun,"senior, elder"
1341,全員,,"adverb, noun","all members, everyone"
1342,にしても,,compound,"even if, even though"
1343,四人,,noun,four people
1344,人物,,noun,"person, character"
1345,距離,,noun,distance
1346,泊まる,,verb,stay
1347,充実,,noun,fullness
1347,充実する,,verb,"enrich, fullfill"
1348,によると,,compound,according to
1349,コミュニケーション,,noun,communication
1349,コミュニケーションする,,verb,communicate
1350,散歩,,"noun, verb","walk, stroll"
1351,グループ,,noun,"group, team"
1352,黒い,,i-adjective,black
1353,九時,,noun,nine o’clock
1354,石,,noun,"stone, rock"
1355,エネルギー,,noun,"energy, power"
1356,挨拶,,noun,greeting
1356,挨拶する,,verb,greet
1357,愛,,noun,"love, affection"
1358,比較,,noun,comparison
1358,比較する,,verb,compare
1359,結ぶ,,verb,"tie, connect, unite"
1360,移る,,verb,"move, transfer, shift"
1361,従来,,"adverb, noun","up to now, conventional, traditional"
1362,嫌い,,na-adjective,"dislike, hate"
1363,注目,,noun,attention
1363,注目する,,verb,"pay attention, watch"
1364,携帯,,noun,portable
1364,携帯する,,verb,carry
1365,休む,,verb,"take a rest, be absent from"
1366,甘い,,i-adjective,sweet; soft
1367,最高,,"noun, na-adjective","best, highest"
1368,弟,,noun,younger brother
1369,卵,,noun,"egg, spawn"
1370,服,,noun,"clothes, dress, outfit"
1371,赤ちゃん,,noun,"baby, infant"
1372,始め,,"adverb, noun","beginning, origin"
1373,要求,,noun,"demand, request, claim"
1373,要求する,,verb,"demand, request, claim"
1374,紙,,noun,paper
1375,妹,,noun,younger sister
1376,額,がく,noun,amount of money; frame
1377,交ぜる,,verb,"mix, shuffle"
1378,抱く,,verb,"have, hold, embrace"
1379,出来上がる,,verb,"be completed, be finished, be ready"
1380,小説,,noun,"novel, fiction, story"
1381,訪れる,,verb,"visit, call on, arrive"
1382,汗,,noun,"sweat, perspiration"
1383,特別,,na-adjective,"special, particular"
1384,改善,,noun,"improvement, reform"
1384,改善する,,verb,improve
1385,休み,,noun,holiday; rest; be closed
1386,咲く,,verb,bloom
1387,基本,,noun,"foundation, basis, basic"
1388,暑い,,i-adjective,"hot, warm"
1389,向く,,verb,"turn, face, look"
1390,ますます,,adverb,"more and more, increasingly"
1391,最終的,,na-adjective,"final, last, ultimate"
1392,感情,,noun,"feeling, emotion"
1393,我慢,,noun,"patience, endurance, tolerance"
1393,我慢する,,verb,"be patient, endure"
1394,浮かぶ,,verb,"float, rise"
1395,利益,,noun,"profit, benefit, gain"
1396,先日,,"adverb, noun","the other day, recently"
1397,裏,,noun,"reverse, back; rear"
1398,もたらす,,verb,"bring, cause,"
1399,姉,,noun,elder sister
1400,問う,,verb,"ask, question; charge"
1401,継ぐ,,verb,"succeed, take over"
1402,北海道,,noun,Hokkaido
1403,構成,,noun,"constitution, structure"
1403,構成する,,verb,compose
1404,反応,,noun,"reaction, response"
1404,反応する,,verb,respond
1405,ナイフ,,noun,knife
1406,（お）じいさん,,noun,grandfather
1407,新宿,,noun,Shinjuku (place name)
1408,活用,,noun,application
1408,活用する,,verb,"exploit, take advantage of"
1409,正直,,noun,honesty
1409,正直,,na-adjective,"honest, truthful"
1409,正直,,adverb,honestly
1410,黒,,noun,black
1411,スーパー,,noun,supermarket
1412,プロ,,noun,"professional, pro"
1413,渡す,,verb,"carry across, hand, transfer"
1414,掲げる,,verb,"hang out, hold up"
1415,京都,,noun,Kyoto
1416,就職,,noun,job hunting
1416,就職する,,verb,"find employment, get a job"
1417,立派,,na-adjective,"fine, splendid, great"
1418,舞台,,noun,"stage, scene"
1419,現地,,noun,"field, on-site, local"
1420,数字,,noun,"number, figure"
1421,提出,,noun,submission
1421,提出する,,verb,"submit, hand in"
1422,コンピュータ,,noun,computer
1423,東京都,,noun,"Tokyo, Tokyo metropolitan government, Tokyo metropolitan area"
1424,から,,conjunction,because
1425,弾く,ひく,verb,play (musical instrument)
1426,自宅,,noun,"home, house"
1427,腹,,noun,"belly, stomach"
1428,喜び,,noun,"pleasure, delight"
1429,しようがない、しょうがない,,i-adjective,"it can’t be helped, nothing can be done"
1430,風呂,,noun,bath
1431,香り,,noun,"smell, scent"
1432,スキー,,noun,ski; skiing
1433,構う,,verb,"mind, care about"
1434,受け入れる,,verb,"receive, accept, agree"
1435,お菓子,,noun,"sweets, snack food"
1436,無料,,noun,"free, no charge"
1437,付き合い,,noun,"association, acquaintance"
1438,私共,,pronoun,we
1439,被害,,noun,"damage, harm"
1440,椅子,,noun,chair
1441,直す,,verb,"fix, repair, mend"
1442,桜,,noun,cherry tree; cherry blossom
1443,回答,,noun,"answer, response, reply"
1443,回答する,,verb,"answer, respond, reply"
1444,ゲーム,,noun,game
1445,ことはない,,auxiliary,"not have to, there is no need for"
1446,個人的,,na-adjective,"private, personal, individual"
1447,活躍,,noun,"activity, action"
1447,活躍する,,verb,"be active, flourish"
1448,試験,,noun,"exam, test, trial"
1448,試験する,,verb,examine
1449,身近,,na-adjective,"familiar, close"
1450,苦しい,,i-adjective,"painful, hard, difficult"
1451,恥ずかしい,,i-adjective,"ashamed, embarrassed"
1452,金,きん,noun,"gold, money"
1453,ただ,,noun,"just, mere, only"
1454,検査,,noun,inspection
1454,検査する,,verb,inspect
1455,皮、革,,noun,"skin, hide, jacket"
1456,白,,noun,white; innocence
1457,足りる,,verb,"be sufficient, be enough, be worthy"
1458,代表,,noun,representative
1458,代表する,,verb,"represent, stand for"
1459,夕方,,"adverb, noun",evening
1460,下がる,,verb,"fall, drop, step back"
1461,実感,,noun,real feeling
1461,実感する,,verb,actually feel
1462,有する,,verb,have
1463,抜く,,verb,"pull, extract"
1464,回す,,verb,"turn, rotate, spin"
1465,敵,てき,noun,"enemy, opponent"
1466,側,がわ,noun,side
1467,分かれる,,verb,"divide, split, part"
1468,見つめる,,verb,"stare, gaze"
1469,祭り,,noun,festival
1470,抜ける,,verb,fall out; come loose; be omitted; leave
1471,仕様,,noun,"style, specification, method"
1472,最大,,noun,"biggest, largest"
1473,スタート,,noun,start
1473,スタートする,,verb,"get off, start"
1474,なり,,particle,"or, whether or not"
1475,沖縄,,noun,Okinawa
1476,設ける,,verb,"institute, set up"
1477,でもって,,compound,"by, with, in"
1478,幼稚園,,noun,"preschool, kindergarten"
1479,二度,,noun,twice
1480,処理,,noun,"management, processing"
1480,処理する,,verb,"manage, process"
1481,困難,,noun,difficulty
1481,困難,,na-adjective,difficult
1482,あくまで,,adverb,"only, to the last"
1483,分野,,noun,"field, discipline"
1484,間違う,,verb,"be wrong, make a mistake"
1485,姿勢,,noun,"posture, attitude"
1486,ショック,,noun,shock
1487,暇,,"na-adjective, noun","free, not busy"
1488,つい,,adverb,"without thinking, unintentionally"
1489,土,つち,noun,soil
1490,隠す,,verb,"hide, conceal"
1491,緊張,,noun,tension
1491,緊張する,,verb,get tense
1492,それとも,,conjunction,or
1493,帰り,,noun,return
1494,三日,,noun,third (date); three days
1495,戦う,,verb,fight
1496,単に,,adverb,"just, simply"
1497,席,,noun,seat
1498,つる,,verb,hang
1499,達する,,verb,reach
1500,小学生,,noun,"elementary school pupil, primary school pupil"
1501,ついに,,adverb,"at last, finally"
1502,具合,,noun,condition
1503,歯,,noun,tooth
1504,ベッド,,noun,bed
1505,無事,,adverb,safely
1505,無事,,noun,safety
1505,無事,,na-adjective,safe
1506,身体,,noun,body
1507,何年,,noun,"what year, how many years"
1508,星,,noun,star
1509,携帯電話,,noun,cell phone
1510,砂糖,,noun,sugar
1511,切れる,,verb,"expire, run out"
1512,維持,,noun,"maintenance, preservation"
1512,維持する,,verb,"keep, maintain"
1513,高さ,,noun,height
1514,太陽,,noun,sun
1515,会場,,noun,hall; site
1516,素敵,,na-adjective,"lovely, nice, wonderful"
1517,湯,,noun,hot water
1518,そもそも,,"adverb, noun",in the first place
1519,約束,,noun,"promise, appointment"
1519,約束する,,verb,"promise, make an appointment"
1520,ワイン,,noun,wine
1521,高校生,,noun,high school student
1522,イベント,,noun,event
1523,二日,,noun,second (date); two days
1524,売れる,,verb,sell
1525,少なくとも,,adverb,at least
1526,米国,,noun,United States
1527,周囲,,noun,surroundings
1528,伺う,,verb,"ask, inquire"
1529,引っ越す,,verb,move (house)
1530,二十年,,noun,twenty years
1531,たまる,,verb,"accumulate, build up"
1532,精神的,,na-adjective,spiritual
1533,中学校,,noun,junior high school
1534,仲良く,,adverb,friendly
1535,言い方,,noun,way to say
1536,バランス,,noun,balance
1537,五年,,noun,five years
1538,安定,,noun,stability
1538,安定する,,verb,become stable
1539,完成,,noun,completion
1539,完成する,,verb,complete
1540,我が家,,noun,"one’s house, one’s family, one’s home"
1541,見かける,,verb,see
1542,広げる,,verb,"spread, expand"
1543,参考,,noun,reference
1544,たとえ,,adverb,even if
1545,受け取る,,verb,"get, accept"
1546,冷たい,,i-adjective,cold
1547,望む,,verb,hope
1548,適用,,noun,application
1548,適用する,,verb,apply
1549,宗教,,noun,religion
1550,一年間,,noun,one year
1551,範囲,,noun,"extent, range"
1552,接する,,verb,"adjoin, come in contact"
1553,戻す,,verb,"put back, restore"
1554,すっかり,,adverb,"entirely, completely"
1555,低下,,noun,"decline, fall"
1555,低下する,,verb,"decline, fall"
1556,政治,,noun,politics
1557,なんら,,adverb,nothing
1558,取り組む,,verb,"tackle, deal with"
1559,余裕,,noun,leeway
1560,パリ,,noun,Paris
1561,にて,,case particle,by; in; at
1562,奥さん,,noun,wife
1563,遅れる,,verb,"be late, be delayed"
1564,担当,,noun,charge
1564,担当する,,verb,be in charge of
1565,向上,,noun,"improvement, progress"
1565,向上する,,verb,"improve, advance"
1566,機械,,noun,machine
1567,CD (CD),,noun,"CD, compact disk"
1568,寄る,,verb,stop by; move to one side
1569,都市,,noun,city
1570,費用,,noun,cost
1571,運転,,noun,"driving, operation"
1571,運転する,,verb,drive
1572,生地,,noun,"cloth, material; dough"
1573,さあ,,interjection,"come on, now, well"
1574,だけでなく,,compound,not only
1575,予想,,noun,expectation
1575,予想する,,verb,expect
1576,一層,,"adverb, noun",more
1577,旦那,,noun,husband
1578,経る,,verb,"pass through, experience"
1579,揃う,,verb,become complete; be equal
1580,下げる,,verb,lower; hang
1581,誘う,,verb,invite
1582,重ねる,,verb,stack; repeat
1583,採用,,noun,"adoption, employment"
1583,採用する,,verb,employ
1584,価格,,noun,price
1585,飾る,,verb,decorate
1586,がん,,noun,cancer.
1587,土,ど,noun,Saturday
1588,週,,noun,week
1589,細い,,i-adjective,"thin, narrow, slender"
1590,直る,,verb,be repaired; be corrected; get better
1591,単純,,na-adjective,simple
1592,ファックス,,noun,fax
1592,ファックスする,,verb,fax
1593,アルバイト,,noun,part-time job
1594,北,,noun,north
1595,一生,,noun,life
1596,ファン,,noun,fan
1597,及ぶ,,verb,reach
1598,後,のち,"noun, adverb","after, later"
1599,調子,,noun,"condition, tone"
1600,基準,,noun,standard
1601,植物,,noun,plant
1602,契約,,"noun, verb",contract
1603,組む,,verb,pair with; cross
1604,叫ぶ,,verb,shout
1605,若者,,noun,youth
1606,手段,,noun,means
1607,下ろす,,verb,take down; unload; withdraw; fillet (fish); grate
1608,明治,,noun,Meiji period
1609,形成,,noun,formation
1609,形成する,,verb,take form
1610,マンガ,,noun,"comics, cartoon"
1611,ドラマ,,noun,"TV drama, drama"
1612,いよいよ,,adverb,"finally, at last"
1613,高齢者,,noun,senior citizen
1614,無駄,,na-adjective,"useless, futile"
1614,無駄,,noun,waste
1615,髪,,noun,hair
1616,管理,,noun,"control, management"
1616,管理する,,verb,"manage, control"
1617,サッカー,,noun,"football, soccer"
1618,工場,,noun,factory
1619,正確,,na-adjective,"correct, exact, accurate"
1620,夫婦,,noun,(married) couple
1621,監督,,noun,"manager, director, proctor, invigilator"
1621,監督する,,verb,"supervise, direct"
1622,鍋,,noun,"pan, pot; hot-pot"
1623,バイト,,noun,part-time job
1624,１０分,じゅっぷん,noun,ten minutes
1625,外す,,verb,"undo; take off, remove"
1626,何でも,,adverb,anything; nothing; everything
1627,階段,,noun,stairs
1628,オーストラリア,,noun,Australia
1629,そこで,,conjunction,so
1630,オーケー,,noun,O.K.
1631,発達,,noun,development
1631,発達する,,verb,develop
1632,適当,,na-adjective,"proper, appropriate, suitable; irresponsible, whimsical"
1633,戦い,,noun,"fight, battle"
1634,挟む,,verb,"put in, sandwich between; catch in"
1635,鼻,,noun,nose
1636,会,かい,noun,"meeting, gathering"
1637,数年,,noun,several years
1638,現代,,noun,"the present age, today"
1639,回復,,noun,recovery
1639,回復する,,verb,recover
1640,すみません,,interjection,Thank you; I am sorry; Excuse me
1641,コーヒー,,noun,coffee
1642,塗る,,verb,spread; paint
1643,老人,,noun,"old person, the old"
1644,共通,,"noun, verb",common
1645,一瞬,,"noun, adverb","a moment, an instant"
1646,面倒,,na-adjective,troublesome
1646,面倒,,noun,"bother, care"
1647,開始,,noun,"beginning, start"
1647,開始する,,verb,"begin, start"
1648,翌日,,noun,next day
1649,しまう,,verb,put away
1650,商店街,,noun,shopping street
1651,原則,,noun,principle
1652,販売,,noun,sale
1652,販売する,,verb,sell
1653,諦める,,verb,"give up, quit"
1654,場面,,noun,"scene, sight"
1655,障害,,noun,"obstacle, handicap"
1656,やや,,adverb,"a little, slightly"
1657,一定,,"noun, verb","a certain, fixed, constant"
1658,いかが,,na-adjective,how
1659,上手,じょうず,na-adjective,"good, skillful"
1660,関連,,noun,"relation, connection"
1660,関連する,,verb,"be related, be connected"
1661,笑顔,,noun,smile
1662,真ん中,,noun,middle
1663,ビール,,noun,beer
1664,正月,,noun,New Year
1665,すら,,particle,even
1666,デザイン,,noun,design
1666,デザインする,,verb,design
1667,わざわざ,,adverb,"take the trouble, especially"
1668,あふれる,,verb,"overflow, be filled with"
1669,葉,,noun,leaf
1670,種,しゅ,noun,"kind, species"
1671,迷惑,,na-adjective,"troublesome, annoying"
1671,迷惑,,noun,"annoyance, nuisance, trouble"
1671,迷惑する,,verb,be inconvenienced
1672,つかむ,,verb,"catch, grasp"
1673,締める,,verb,tie; tighten
1674,ラジオ,,noun,radio
1675,入る,いる,verb,"come in, enter; join"
1676,じっと,,"adverb, verb","still, fixedly, intently"
1677,うなずく,,verb,nod
1678,餌,,noun,feed; bait
1679,背中,,noun,back
1680,両方,,noun,both
1681,床,ゆか,noun,floor
1682,囲む,,verb,surround
1683,並べる,,verb,arrange; line up; enumerate
1684,黙る,,verb,"hold one’s tongue, become silent"
1685,きり,,particle,only
1686,風景,,noun,"scenery, landscape"
1687,ごとし,,auxiliary,"like, as if (Classical)"
1688,保存,,noun,"preservation, storage"
1688,保存する,,verb,"preserve, store"
1689,社長,,noun,company president
1690,目立つ,,verb,"be conspicuous, stand out"
1691,保護,,noun,protection
1691,保護する,,verb,protect
1692,確実,,na-adjective,"certain, sure"
1693,経済,,noun,economy; finance
1694,等,とう,suffix,and so on
1695,演奏,,noun,(musical) performance
1695,演奏する,,verb,"perform, play"
1696,増やす,,verb,"increase, add"
1697,温泉,,noun,"hot spring, spa"
1698,工夫,,noun,"device, idea"
1698,工夫する,,verb,"devise, plan"
1699,触る,,verb,touch
1700,教室,,noun,"classroom, ... school"
1701,登録,,noun,"registration, entry"
1701,登録する,,verb,"register, enroll"
1702,長さ,,noun,length
1703,資格,,noun,qualification; capacity
1704,明確,,na-adjective,"clear, definite"
1705,記載,,noun,registration entry
1705,記載する,,verb,"record, write down"
1706,肌,,noun,skin
1707,倒れる,,verb,"fall (down), collapse"
1708,症状,,noun,symptom
1709,普及,,noun,"spread, diffusion"
1709,普及する,,verb,spread
1710,すると,,conjunction,"then, if so"
1711,優れる,,verb,be superior
1712,返事,,noun,"answer, reply"
1712,返事する,,verb,"answer, reply"
1713,職場,,noun,workplace
1714,取り出す,,verb,"take out, extract"
1715,骨,ほね,noun,bone
1716,平和,,noun,peace
1716,平和,,na-adjective,peaceful
1717,間違い,,noun,"mistake, error"
1718,まい,,auxiliary,INTENTION OF NEGATION
1719,けんか,,noun,"fight, quarrel"
1719,けんかする,,verb,"fight, quarrel"
1720,偉い,,i-adjective,"great, big"
1721,くださる,,verb,give (honorific)
1722,熱い,,i-adjective,"hot, heated"
1723,当日,,noun,"that day, current day"
1724,残り,,noun,"rest, remainder"
1725,支援,,noun,"support, assistance"
1725,支援する,,verb,"support, assist"
1726,実行,,noun,practice
1726,実行する,,verb,carry out
1727,握る,,verb,"hold, grasp, clasp"
1728,出会い,,noun,encounter
1729,体重,,noun,(body) weight
1730,上司,,noun,boss
1731,結論,,noun,conclusion
1732,け,,discourse particle,QUESTION ABOUT SOMETHING SPEAKER FORGOT
1733,テーブル,,noun,table
1734,盛ん,,na-adjective,popular; active; prosperous
1735,急ぐ,,verb,hurry
1736,ともかく,,adverb,"in any case, anyway"
1737,犯人,,noun,"criminal, culprit"
1738,熱,,noun,fever; heat
1739,犯罪,,noun,"crime, offense"
1740,批判,,noun,criticism
1740,批判する,,verb,criticize
1741,出発,,noun,departure
1741,出発する,,verb,leave
1742,遊び,,noun,"play, game"
1743,教師,,noun,teacher
1744,横浜,,noun,Yokohama
1745,脳,,noun,brain
1746,レストラン,,noun,restaurant
1747,そろそろ,,adverb,soon; slowly
1748,日曜日,,noun,Sunday
1749,けが,,noun,injury
1749,けがする,,verb,"hurt, injure"
1750,兄弟,,noun,brother; sister; sibling
1751,楽器,,noun,musical instrument
1752,保つ,,verb,"keep, maintain"
1753,自動車,,noun,car
1754,ほんの,,adnominal,"just, nothing but, only"
1755,カメラ,,noun,camera
1756,寺,,noun,temple
1757,ビデオ,,noun,video
1758,適切,,na-adjective,"suitable, proper"
1759,見事,,na-adjective,excellent
1759,見事,,adverb,completely
1760,底,,noun,bottom; sole
1761,刺激,,"noun, verb","stimulate, incite, excite"
1762,勢い,,noun,speed; force; vigor
1763,吹く,,verb,blow; breathe out; play (musical instrument)
1764,今日,こんにち,adverb,"today, these days"
1765,迷う,,verb,get lost; cannot decide
1766,背,せ,noun,stature; back
1767,生,なま,noun,raw; fresh; live
1768,訴える,,verb,sue; complain; appeal
1769,精神,,noun,"mind, spirit"
1770,把握,,noun,grasp
1770,把握する,,verb,grasp
1771,対する,,verb,"toward, against; compare, receive"
1772,十二,,numeral,twelve
1773,じゃ,,auxiliary,"COPULA is, are"
1774,地震,,noun,earthquake
1775,応援,,noun,support
1775,応援する,,verb,"cheer, support"
1776,人類,,noun,"human race, mankind"
1777,上昇,,noun,rise
1777,上昇する,,verb,rise
1778,空間,,noun,space
1779,複雑,,na-adjective,"complicated, complex"
1780,特定,,noun,specific
1780,特定する,,verb,specify
1781,高める,,verb,raise
1782,以外,,noun,except
1783,観点,,noun,"viewpoint, standpoint"
1784,努める,,verb,make efforts
1785,二時間,,noun,two hours
1786,きつい,,i-adjective,"tight; hard, severe; strong"
1787,祖母,,noun,grandmother
1788,プラス,,noun,"plus, benefit"
1788,プラスする,,verb,"benefit, add to"
1789,大抵,,adverb,usually
1790,狙う,,verb,aim at
1791,知り合い,,noun,acquaintance
1792,迫る,,verb,"approach, draw near; demand"
1793,どうぞ,,adverb,please
1794,消す,,verb,"put out, turn off; erase"
1795,唯一,,"noun, adverb",only
1796,連中,,noun,"company, crowd; those guys"
1797,青い,,i-adjective,blue; pale; unripe
1798,終了,,noun,end
1798,終了する,,verb,"end, be over"
1799,をもって,,compound,by; with; as of
1800,前提,,noun,"assumption, premise"
1801,四つ,,numeral,four
1802,未来,,noun,future
1803,僕ら,,pronoun,we
1804,立ち上がる,,verb,"stand up, rise"
1805,同,,noun,same
1806,推移,,noun,"transition, change"
1806,推移する,,verb,"change, shift"
1807,なくす,,verb,lose
1808,有効,,na-adjective,valid; effective
1809,次々,,adverb,one after another
1810,上で,,compound,after; in the context of
1811,国内,,noun,"domestic, home"
1812,が,,conjunction,but
1813,都合,,noun,"convenience, circumstances"
1813,都合する,,verb,arrange
1813,都合,,adverb,altogether
1814,主な,,adnominal,"main, chief"
1815,ふと,,adverb,casually; suddenly
1816,四年,,noun,four years
1817,無視,,"noun, verb","neglect, ignore"
1818,一気,,"adverb, noun","at a stretch, in one gulp"
1819,手続き,,noun,"procedure, formalities"
1820,波,,noun,wave
1821,仲,,noun,"relations, terms"
1822,中学生,,noun,junior high school student
1823,イタリア,,noun,Italy
1824,のぞく,,verb,"look through, look down; drop in"
1825,誕生,,noun,birth
1825,誕生する,,verb,"be born, be created"
1826,汚い,,i-adjective,dirty; unfair; vulgar
1827,畑,,noun,"field (for fruit, vegetables); garden"
1828,履く,,verb,"put on, wear"
1829,膝,,noun,"knee, lap"
1830,提案,,noun,proposal
1830,提案する,,verb,propose
1831,業務,,noun,"business, work"
1832,幸い,,na-adjective,"lucky, fortunate"
1832,幸い,,noun,happiness
1832,幸い,,adverb,fortunately
1833,かわいそう,,na-adjective,"pitiful, miserable"
1834,画像,,noun,"picture, image"
1835,孫,,noun,grandchild
1836,つなぐ,,verb,"connect, tie"
1837,包む,,verb,wrap
1838,思い切る,,verb,give up; venture
1839,事態,,noun,situation
1840,夜中,よなか,noun,middle of the night
1841,改める,,verb,change; reform
1842,集中,,noun,concentration
1842,集中する,,verb,concentrate
1843,両手,,noun,"both hands, both arms"
1844,指示,,noun,"instruction, direction"
1844,指示する,,verb,"instruct, direct"
1845,結婚式,,noun,wedding ceremony
1846,虫,,noun,"insect, bug; worm"
1847,バイク,,noun,"motorcycle, motorbike"
1848,確立,,noun,establishment
1848,確立する,,verb,establish
1849,到着,,noun,arrival
1849,到着する,,verb,arrive
1850,かく,,verb,scratch; paddle; shovel
1851,痩せる,,verb,"become thin, lose weight"
1852,親父,,noun,father; old man; boss
1853,なくてはいけない,,compound,"have to, must"
1854,試す,,verb,"try, attempt"
1855,終える,,verb,"finish, end"
1856,遥か,,na-adjective,"faraway, far"
1857,受験,,noun,examination
1857,受験する,,verb,take an examination
1858,医師,,noun,doctor
1859,バンド,,noun,band; belt
1860,体力,,noun,physical strength
1861,国家,,noun,"state, country, nation"
1862,ソフト,,noun,software
1862,ソフト,,na-adjective,soft
1863,長男,,noun,eldest son
1864,0,,noun,zero
1865,さっき,,"adverb, noun",a little while ago
1866,ごく,,adverb,very
1867,入力,,noun,input
1867,入力する,,verb,type
1868,CM (CM),,noun,commercial
1869,十一,,numeral,eleven
1870,チャンス,,noun,chance
1871,別れる,,verb,"part; divorce, break up"
1872,昼間,,noun,daytime
1873,生産,,noun,production
1873,生産する,,verb,produce
1874,要,,noun,in short
1875,収める,,verb,"obtain, gain; put; keep"
1876,掃除,,noun,cleaning
1876,掃除する,,verb,clean
1877,強化,,"noun, verb","tighten, strengthen"
1878,主婦,,noun,housewife
1879,徐々,,noun,gradually
1880,メーカー,,noun,"maker, manufacturer"
1881,あり得る,,verb,"be possible, be likely, be probable"
1882,記す,,verb,write down; mark
1883,うわさ,,noun,"gossip, rumor"
1883,うわさする,,verb,talk about
1884,保険,,noun,insurance
1885,規制,,noun,regulation
1885,規制する,,verb,regulate
1886,もの,,particle,because
1887,感想,,noun,"feeling, impression"
1888,左右,,noun,right and left
1888,左右する,,verb,"determine, influence"
1889,促進,,noun,promotion
1889,促進する,,verb,promote
1890,景色,,noun,"scenery, view, scene"
1891,味わう,,verb,"taste, savor"
1892,アジア,,noun,Asia
1893,交流,,noun,"interchange, exchange"
1893,交流する,,verb,interact
1894,報道,,noun,report
1894,報道する,,verb,report
1895,当初,,noun,"beginning, original"
1895,当初,,adverb,at first
1896,インド,,noun,India
1897,観察,,noun,observation
1897,観察する,,verb,observe
1898,電気,,noun,electricity; electric light
1899,癖,,noun,"habit, peculiarity"
1900,たいした,,adnominal,"not big, not much; great, quite"
1901,あり方,,noun,"way something ought to be, state of things"
1902,どころ,,particle,"far from, on the contrary, can’t even"
1903,好み,,noun,"liking, taste"
1904,はまる,,verb,fit; fall; be addicted to
1905,早速,,adverb,"at once, lose no time in doing"
1906,支払う,,verb,pay
1907,市民,,noun,"resident (of a city), citizen"
1908,メリット,,noun,"merit, advantage"
1909,近年,,adverb,in recent years
1910,分かりやすい,,i-adjective,easy to understand
1911,製品,,noun,product
1912,果たして,,adverb,really; just as one thought
1913,得意,,na-adjective,"n. be good at, be proud; customer"
1914,二週間,,noun,two weeks
1915,問い合わせ,といあわせ,noun,inquiry
1916,あっ,,interjection,"Ah!, Oh!, Hey!"
1917,何だか,,adverb,somewhat; somehow
1918,過程,,noun,process
1919,仕組み,,noun,"structure, mechanism"
1920,慌てる,,verb,"be flustered, be in a hurry"
1921,ざるを得ない,,compound,"have to, cannot help doing"
1922,措置,,noun,measure
1922,措置する,,verb,take measures
1923,油,,noun,oil
1924,半年,,noun,half a year
1925,視線,,noun,"eyes, gaze, look"
1926,構造,,noun,structure
1927,筋肉,,noun,muscle
1928,少々,,adverb,"a little, a minute"
1929,対策,,noun,measure
1930,濃い,,i-adjective,thick; strong; heavy; deep
1931,異常,,na-adjective,abnormal
1931,異常,,noun,disorder
1932,図書館,,noun,library
1933,靴,,noun,shoe
1934,おそれ,,noun,"fear, danger"
1935,二階,,noun,second floor
1936,あえて,,adverb,dare
1937,三回,,noun,three times
1938,引っ越し,,noun,"moving, removal"
1938,引っ越しする,,verb,move house
1939,失礼,,noun,"rudeness, impoliteness"
1939,失礼する,,verb,"be rude, be impolite"
1939,失礼,,na-adjective,"rude, impolite"
1940,太る,,verb,"get fat, gain weight"
1941,街、町,,noun,"town, city"
1942,いったん,,adverb,once; for a moment
1943,取り入れる,,verb,take in; adopt; harvest
1944,モテる,,verb,be popular
1945,都会,,noun,city
1946,大量,,"noun, na-adjective","large quantity, a lot"
1947,発言,,noun,remark
1947,発言する,,verb,speak
1948,炒める,,verb,"fry, stir-fry"
1949,投げる,,verb,throw; give up
1950,玄関,,noun,"entrance, front door"
1951,一種,,noun,"kind, sort, species"
1952,世代,,noun,generation
1953,にあたって,,compound,at the time of
1954,申し込み,,noun,application
1955,高まる,,verb,"rise, heighten, grow"
1956,証明,,noun,proof
1956,証明する,,verb,prove
1957,沸く,,verb,boil; be in uproar
1958,必死,,na-adjective,desperate
1959,真剣,,na-adjective,serious
1960,まさか,,adverb,"surely not, cannot possibly"
1960,まさか,,noun,the worst
1961,ごめんなさい,,interjection,"I’m sorry, Excuse me"
1962,画面,,noun,screen
1963,米,こめ,noun,rice
1964,成果,,noun,"result, product"
1965,物語,,noun,"tale, story"
1966,日時,,noun,date and time
1967,来年,,noun,next year
1968,巻く,,verb,"roll up, wind up; wear around"
1969,こっち,,pronoun,here; this; I; we
1970,必ずしも,,adverb,"not necessarily, not always"
1971,たっぷり,,adverb,"full, plenty"
1971,たっぷり,,noun,fullness
1972,はやる,,verb,"be fashionable, be popular, go around"
1973,恐ろしい,,i-adjective,"terrible, frightful, amazing, awful"
1974,中身,,noun,contents; substance
1975,スピード,,noun,speed
1976,一歩,,noun,step
1977,牛乳,,noun,(cow’s) milk
1978,否定,,noun,"denial, negative"
1978,否定する,,verb,deny
1979,踏まえる,,verb,be based on
1980,若干,,adverb,slightly
1980,若干,,noun,"a little, few, some"
1981,箱,,noun,"box, case"
1982,テニス,,noun,tennis
1983,アパート,,noun,apartment
1984,面接,,noun,interview
1984,面接する,,verb,interview
1985,住民,,noun,"inhabitant, resident"
1986,て参る,,compound,"begin to, come to; have been; go and come (humble)"
1987,ギター,,noun,guitar
1988,要素,,noun,"element, factor"
1989,泳ぐ,,verb,swim
1990,大勢,,noun,"a large number of, many"
1991,習慣,,noun,"custom, habit"
1992,込める,,verb,"put into, pour into"
1993,風邪,,noun,cold
1994,調整,,noun,adjustment
1994,調整する,,verb,adjust
1995,踊る,,verb,dance
1996,とも,,particle,"all, both"
1997,タクシー,,noun,taxi
1998,教会,,noun,church
1999,攻撃,,noun,attack
1999,攻撃する,,verb,attack
2000,五時,,noun,five o’clock
2001,（お）弁当,,noun,lunch box
2002,方達,,noun,people (honorific)
2003,久しぶり,,noun,after a long time
2004,とたん,,noun,as soon as
2005,要する,,verb,"need, take"
2006,幅,,noun,"width, breadth; difference; latitude"
2007,周辺,,noun,"outskirts, around"
2008,十日,,noun,tenth (date); ten days
2009,取得,,noun,acquisition
2009,取得する,,verb,acquire
2010,挑戦,,noun,challenge
2010,挑戦する,,verb,"challenge, try"
2011,独立,,noun,independence
2011,独立する,,verb,be independent
2012,収入,,noun,income
2013,ぜ,,particle,EMPHASIS
2014,市場,,noun,market
2015,着物,,noun,kimono
2016,メニュー,,noun,menu
2017,夏休み,,noun,summer holiday
2018,壊す,,verb,break; impair; upset
2019,なさる,,verb,do (honorific)
2020,仮,,noun,"temporary, provisional; assumed"
2021,かえって,,adverb,"on the contrary, rather"
2022,関する,,verb,"be related to, be concerned with"
2023,輸入,,noun,import
2023,輸入する,,verb,import
2024,満たす,,verb,"fill, satisfy, meet"
2025,いわば,,adverb,"so to speak, as it were"
2026,スタッフ,,noun,staff
2027,住所,,noun,address
2028,平気,,na-adjective,"insensitive, fine"
2028,平気,,noun,calmness
2029,コース,,noun,"course, route, lane"
2030,訪ねる,,verb,"visit, go to see"
2031,鍵,,noun,key
2032,世界中,,noun,"around the world, throughout the world"
2033,下手,,na-adjective,"not good at, poor, bad, unskilled"
2034,詩,,noun,"poem, poetry"
2035,経過,,noun,"progress, development"
2035,経過する,,verb,pass
2036,整える,,verb,"arrange, prepare"
2037,ツアー,,noun,tour
2038,西,,noun,west
2039,事項,,noun,"matter, fact, item"
2040,塾,,noun,cram school
2041,去る,,"verb, adnominal","leave, pass, be gone"
2042,五人,,noun,five people
2043,入り口,,noun,entrance
2044,改めて,,adverb,over again; some other time
2045,県,,noun,prefecture
2046,断る,,verb,"decline, refuse, reject, turn down; ask permission; give notice"
2047,事務所,,noun,office
2048,大さじ,,noun,tablespoon
2049,整理,,noun,arrangement
2049,整理する,,verb,"arrange, put in order, dispose of"
2050,耐える,,verb,"stand, endure, bear"
2051,職員,,noun,staff member
2052,コメント,,noun,comment
2052,コメントする,,verb,comment
2053,五分,,noun,five minutes
2054,発揮,,noun,"exhibition, show"
2054,発揮する,,verb,"display, exhibit"
2055,閉じる,,verb,"close, shut"
2056,芝居,,noun,"play, drama"
2057,分析,,noun,analysis
2057,分析する,,verb,analyze
2058,解釈,,noun,interpretation
2058,解釈する,,verb,interpret
2059,奪う,,verb,"rob, take by force; fascinate"
2060,三ヶ月,,noun,three months
2061,注文,,noun,order
2061,注文する,,verb,order
2062,傷,,noun,injury; scratch; bruise; flaw; stain
2063,外国人,,noun,foreigner
2064,八時,,noun,eight o’clock
2065,冷蔵庫,,noun,refrigerator
2066,任せる,,verb,"entrust, leave"
2067,配慮,,noun,consideration
2067,配慮する,,verb,consider
2068,赤,,noun,red
2069,かぶる,,verb,"put on, cover"
2070,海外旅行,,noun,"travel abroad, foreign trip"
2071,営業,,noun,"business, sales"
2071,営業する,,verb,do business
2072,水,すい,noun,"Wednesday, Wed."
2073,なるほど,,adverb,"I see, indeed, to be sure, of course"
2074,空港,,noun,airport
2075,交換,,noun,exchange
2075,交換する,,verb,exchange
2076,生える,,verb,"grow, sprout, cut (teeth),"
2077,防ぐ,,verb,"defend, protect; prevent, keep away"
2078,ホームページ,,noun,home page
2079,妊娠,,noun,pregnancy
2079,妊娠する,,verb,get pregnant
2080,貸す,,verb,"lend, rent"
2081,ママ,,noun,"mom, mummy"
2082,空く,あく,verb,"become vacant, be free"
2083,危ない,,i-adjective,"dangerous, risky; questionable"
2084,まっすぐ,,noun,"straight, direct"
2084,まっすぐ,,adverb,honest
2085,映像,,noun,"picture, image, video"
2086,壊れる,,verb,"be broken, be damaged; be destroyed"
2087,破壊,,noun,"destruction, demolition"
2087,破壊する,,verb,"destroy, demolish"
2088,削除,,noun,deletion
2088,削除する,,verb,delete
2089,派遣,,"noun, verb","dispatch, send"
2090,カード,,noun,card
2091,改正,,noun,amendment
2091,改正する,,verb,amend
2092,世間,,noun,"world, public, society"
2093,手伝う,,verb,help
2094,社員,,noun,"employee, member of staff"
2095,月,げつ,noun,"Monday, Mon."
2096,信頼,,"noun, verb","trust, rely on"
2097,沿う,,verb,"along; in line with, according to, meet"
2098,輝く,,verb,"shine, glitter, twinkle, glow"
2099,三時,,noun,three o’clock
2100,ペット,,noun,pet
2101,世,,noun,"world, public; age, reign"
2102,不可能,,na-adjective,impossible
2102,不可能,,noun,impossibility
2103,襲う,,verb,"attack, hit; seize"
2104,問,,noun,question number; counter for questions
2105,サイト,,noun,website
2106,ボランティア,,noun,volunteer
2107,問題点,,noun,"problem, point at issue"
2108,一人一人,,noun,"one by one, each (people)"
2109,サイズ,,noun,size
2110,建設,,noun,construction
2110,建設する,,verb,"build, construct"
2111,線,,noun,line
2112,子育て,,noun,"child rearing, bringing up one’s child"
2113,願い,,noun,"wish, hope"
2114,よろしい,,i-adjective,"all right, good, may (I) (formal)"
2115,二十分,,noun,twenty minutes
2116,モデル,,noun,model
2117,余計,,na-adjective,"additional, extra"
2118,引き続く,,verb,continue; follow
2119,移す,,verb,"move, transfer, shift"
2120,募集,,noun,recruitment
2120,募集する,,verb,recruit
2121,りんご,,noun,apple
2122,まずい,,i-adjective,not taste good; awkward
2123,食料,,noun,"food, provisions"
2124,優勝,,noun,"championship, victory"
2124,優勝する,,verb,win
2125,間,かん,noun,during; between
2126,属する,,verb,"belong to, be a member of"
2127,豊富,,na-adjective,"rich, abundant"
2128,消費者,,noun,consumer
2129,喉,,noun,throat; voice
2130,布団,,noun,"futon, Japanese-style bedding"
2131,十五分,,noun,fifteen minutes
2132,宇宙,,noun,"universe, space"
2133,同じく,,adverb,"likewise, like, as"
2134,資金,,noun,funds
2135,しかたない,,i-adjective,"It can’t be helped, be beyond any help, I can’t help ..."
2136,料金,,noun,"charge, fee, fare"
2137,デパート,,noun,department store
2138,地図,,noun,map
2139,唇,,noun,lip
2140,釣り,,noun,fishing
2141,十五日,,noun,fifteenth (date); fifteen days
2142,駅前,,noun,in front of the station
2143,つつある,,compound,"be in the process of doing, be doing"
2144,ご覧,,noun,"looking, seeing (honorific)"
2145,大会,,noun,"convention, mass meeting, tournament"
2146,拾う,,verb,"pick up, gather, pick out"
2147,いざ,,adverb,"when one comes to, if compelled"
2148,二番目,,noun,second
2149,良さ,,noun,"good point, good"
2150,たって,,particle,even if
2151,素材,,noun,material
2152,設立,,noun,establishment
2152,設立する,,verb,"establish, set up"
2153,なので,,conjunction,"because, as"
2154,絞る,,verb,squeeze
2155,ところで,,conjunction,"by the way, well"
2156,江戸,,noun,Edo
2157,下る,,verb,go down
2158,二十,,numeral,twenty
2159,反映,,noun,reflection
2159,反映する,,verb,reflect
2160,天気,,noun,weather
2161,作家,,noun,writer
2162,減らす,,verb,"reduce, cut down"
2163,十五,,numeral,fifteen
2164,ゴルフ,,noun,golf
2165,敷く,,verb,"spread, lay"
2166,合格,,noun,passing an exam
2166,合格する,,verb,pass an exam
2167,日常,,"noun, adverb","everyday, daily, usually"
2168,毎回,,noun,every time
2169,影,,noun,shadow
2170,うるさい,,i-adjective,noisy; annoying
2171,法,,noun,law
2172,罪,,noun,crime; guilt
2173,まるい,,i-adjective,"round, circular"
2174,団体,,noun,"party, group, organization"
2175,詳細,,noun,details
2175,詳細,,na-adjective,detailed
2176,洋服,,noun,"clothes, suit, dress"
2177,承知,,noun,agreement
2177,承知する,,verb,"agree, understand"
2178,多数,,noun,"many, a number of"
2179,運営,,noun,management
2179,運営する,,verb,"manage, run"
2180,生き方,,noun,way of life
2181,備える,,verb,"get something ready, prepare"
2182,おしゃれ,,na-adjective,"fashionable, smart"
2183,住宅,,noun,"house, residence"
2184,考慮,,noun,thought
2184,考慮する,,verb,"think over, consider"
2185,働き,,noun,work
2186,踏む,,verb,"step on, tread on"
2187,ファイル,,noun,file
2188,有り,,verb,n. exist; live
2189,要因,,noun,"factor, main cause"
2190,わし,,noun,I (used by old men)
2191,火,か,noun,"fire; Tuesday, Tue."
2192,偶然,,adverb,by chance
2192,偶然,,noun,"chance, accident"
2193,だって,,conjunction,"because, but"
2194,不満,,noun,"dissatisfaction, discontent"
2194,不満,,na-adjective,discontented
2195,クラブ,,noun,club
2196,懐かしい,,i-adjective,nostalgic
2197,ページ,,noun,page
2198,止む,,verb,stop
2199,外れる,,verb,"be off, get out of place, be dislocated"
2200,経済的,,na-adjective,economical; economic; financial
2201,机,,noun,desk
2202,使い方,,noun,how to use
2203,ハワイ,,noun,Hawaii
2204,予算,,noun,"estimate, budget"
2205,真面目,,na-adjective,serious; steady; honest
2206,勇気,,noun,"courage, bravery"
2207,皿,,noun,"plate, dish"
2208,ありがたい,,i-adjective,"kind, welcome"
2209,視点,,noun,viewpoint
2210,素直,,na-adjective,"obedient, tame"
2211,表面,,noun,"surface, outside, appearance"
2212,コピー,,noun,copy
2212,コピーする,,verb,copy
2213,削る,,verb,"shave; sharpen, plane"
2214,部活,,noun,club
2215,サラリーマン,,noun,"salaried worker, office worker"
2216,制限,,noun,restriction
2216,制限する,,verb,"limit, restrict"
2217,実験,,noun,experimentation
2217,実験する,,verb,experiment
2218,ニューヨーク,,noun,New York
2219,確かめる,,verb,"confirm, make sure"
2220,東,ひがし,noun,east
2221,主人公,,noun,"hero, heroine"
2222,もっとも,,conjunction,"though, although"
2223,アメリカ人,,noun,American (person)
2224,テスト,,noun,test
2224,テストする,,verb,test
2225,高校時代,,noun,high school days
2226,満足,,noun,satisfaction
2226,満足する,,verb,be satisfied
2227,愛情,,noun,"love, affection"
2228,微妙,,na-adjective,"delicate, subtle"
2229,生み出す,,verb,"create, invent"
2230,ビル,,noun,building
2231,あらかじめ,,adverb,"beforehand, in advance"
2232,財産,,noun,property; fortune
2233,証拠,,noun,evidence
2234,我,,pronoun,I; oneself
2235,訓練,,noun,training
2235,訓練する,,verb,train
2236,区別,,noun,distinction
2236,区別する,,verb,distinguish
2237,四日,,noun,fourth (date); four days
2238,サークル,,noun,"circle, club"
2239,皆様,,noun,everybody
2240,光景,,noun,"sight, spectacle"
2241,パターン,,noun,pattern
2242,シーン,,noun,scene
2243,新鮮,,na-adjective,fresh
2244,恵まれる,,verb,be blessed
2245,煮る,,verb,"boil, cook"
2246,旨,,noun,effect; principle
2247,反省,,noun,"soul-searching, reflection"
2247,反省する,,verb,reflect on
2248,放送,,noun,"broadcasting, telecasting"
2248,放送する,,verb,broadcast
2249,人間関係,,noun,interpersonal relationship
2250,ボタン,,noun,button
2251,少女,,noun,girl
2252,命ずる,,verb,order
2253,自己,,noun,"oneself, self"
2254,ロンドン,,noun,London
2255,端,はし,noun,"end, tip, edge"
2256,加わる,,verb,"increase, add; join"
2257,規模,,noun,scale
2258,悩み,,noun,"trouble, worry"
2259,鳴る,,verb,sound; ring
2260,運,,noun,"luck, fortune"
2261,ルール,,noun,rule
2262,妙,,na-adjective,"strange, curious"
2263,告げる,,verb,"tell, announce"
2264,恋,,noun,love (romantic)
2265,現象,,noun,"phenomenon, happening; phase"
2266,ベース,,noun,"base, basis"
2267,ネット,,noun,net
2268,許可,,noun,"permission, leave"
2268,許可する,,verb,"permit, authorize"
2269,商売,,noun,business
2270,積む,,verb,"pile up, heap up; acquire, accumulate"
2271,文句,,noun,words; complaint
2272,発想,,noun,"idea, conception"
2273,見なす,,verb,"be considered, look upon"
2274,親戚,,noun,relative
2275,大幅,,na-adjective,"steep, big, sharp"
2276,アドバイス,,noun,advice
2277,ダイエット,,noun,diet
2277,ダイエットする,,verb,go on a diet
2278,生命,,noun,life
2279,中央,,noun,center adj. central
2280,発行,,noun,"publication, issue"
2280,発行する,,verb,"publish, issue"
2281,ほめる,,verb,"praise, speak well of, commend"
2282,カナダ,,noun,Canada
2283,請求,,noun,"demand, request, charge"
2283,請求する,,verb,"demand, claim"
2284,企画,,noun,planning
2284,企画する,,verb,plan
2285,話し合う,,verb,"talk, discuss"
2286,注ぐ,そそぐ,verb,flow into; water; pour
2287,増す,,verb,increase
2288,浴びる,,verb,bathe; pour
2289,縁,えん,noun,"chance, fate, destiny"
2290,吐く,はく,verb,"exhale, breathe out; vomit; spit"
2291,渋谷,,noun,Shibuya (place name)
2292,間違える,,verb,make a mistake
2293,セット,,noun,set
2294,てはならない,,compound,"must not, should not"
2295,明かり,,noun,light
2296,玉ねぎ,,noun,onion
2297,しかない,,compound,"can’t but, can only, have no choice"
2298,合計,,noun,sum total
2298,合計する,,verb,total
2299,良し,,i-adjective,"good, OK"
2300,二本,,noun,two (long/cylindrical objects)
2301,御,,prefix,POLITENESS PREFIX
2302,貴重,,na-adjective,"precious, valuable"
2303,引っ張る,,verb,pull
2304,城,,noun,castle
2305,対処,,noun,"handling, coping"
2305,対処する,,verb,deal with
2306,覆う,,verb,cover
2307,教授,,noun,professor
2308,橋,,noun,bridge
2309,巨大,,na-adjective,"huge, enormous, gigantic"
2310,あちらこちら,,pronoun,here and there
2311,苦手,,na-adjective,"not good at, weak point"
2312,スタイル,,noun,"style, body, figure"
2313,テント,,noun,tent
2314,ユダヤ人,,noun,"Jew, Jewish person"
2315,主,,noun,"head, master"
2316,意志,,noun,"will, willpower"
2317,容易,,na-adjective,easy
2318,しばしば,,adverb,"always, often"
2319,のんびり,,adverb,"tranquil, leisurely, easygoing"
2320,話しかける,,verb,speak to
2321,揃える,,verb,"arrange, prepare"
2322,毎月,,noun,every month
2323,礼,,noun,bow; courtesy
2324,つぶやく,,verb,"mutter, murmur"
2325,抵抗,,noun,resistance
2325,抵抗する,,verb,"resist, offer opposition"
2326,十一時,,noun,eleven o’clock
2327,恐怖,,noun,"fear, dread, terror"
2328,支配,,noun,"rule, control"
2328,支配する,,verb,"rule, control, govern"
2329,右手,,noun,right hand
2330,親しい,,i-adjective,"close, friendly"
2331,間違い無い,,i-adjective,must be
2332,禁止,,noun,"prohibition, ban"
2332,禁止する,,verb,"prohibit, ban"
2333,怒り,,noun,"anger, rage, fury"
2334,本格的,,na-adjective,"genuine, real; full-scale"
2335,命令,,noun,"order, command, direction"
2335,命令する,,verb,"order, command"
2336,四時,,noun,four o’clock
2337,援助,,noun,"assistance, aid, support"
2337,援助する,,verb,"help, support, assist"
2338,二人共,,adverb,"both of them, two people"
2339,好む,,verb,"like, be fond of, love, care"
2340,苦しむ,,verb,"feel pain, suffer"
2341,見方,,noun,"point of view, way of looking"
2342,介護,,noun,"nursing, care"
2342,介護する,,verb,"nurse, look after"
2343,成績,,noun,"record, result, grade, mark"
2344,広告,,noun,"advertisement, flyer"
2344,広告する,,verb,advertise
2345,本日,,noun,today
2346,強調,,noun,"emphasis, stress"
2346,強調する,,verb,"emphasize, stress"
2347,大いに,,adverb,"very, greatly"
2348,たまる,,verb,"bear, endure"
2349,お子さん,,noun,(someone else’s) child
2350,実態,,noun,actual situation
2351,によれば,,compound,"according to, ... say"
2352,隠れる,,verb,"be hidden, hide"
2353,埋める,,verb,"cover, bury"
2354,トップ,,noun,top
2355,依頼,,noun,request
2355,依頼する,,verb,"request, ask"
2356,もはや,,adverb,"now, already; not ... any longer"
2357,真,しん,noun,truth; reality
2358,出産,,noun,birth
2358,出産する,,verb,give birth
2359,達成,,noun,"achievement, attainment"
2359,達成する,,verb,"achieve, attain"
2360,申請,,noun,"application, petition"
2360,申請する,,verb,apply
2361,知り合う,,verb,get to know
2362,親子,,noun,"parent and child, parents and children"
2363,取り組み,,noun,match; approach
2364,招く,,verb,invite
2365,二十日,,noun,twentieth (date); twenty days
2366,政治家,,noun,politician
2367,飛び出す,,verb,spring out; come rushing out
2368,陥る,,verb,fall into
2369,寄せる,,verb,"let come near, bring near; put; be dependent on"
2370,定員,,noun,capacity (people)
2371,駐車場,,noun,"parking space, parking lot, car park"
2372,彼氏,,noun,boyfriend
2373,式,,noun,ceremony
2374,によっては,,compound,depending on
2375,蓋,,noun,lid
2376,実,み,noun,seed; berry; fruit; nut; pulp
2377,社会人,,noun,adult; full member of society
2378,墓,,noun,grave
2379,十三,,numeral,thirteen
2380,宿,,noun,"inn, hotel"
2381,都心,,noun,"city center, downtown area"
2382,二ヶ月,,noun,two months
2383,役立つ,,verb,useful
2384,土曜日,,noun,Saturday
2385,労働者,,noun,"laborer, working man"
2386,五日,,noun,fifth (date); five days
2387,発売,,noun,sale
2387,発売する,,verb,"sell, put on sale"
2388,成り立つ,,verb,be concluded; consist of
2389,人数,,noun,number of people
2390,物質,,noun,"matter, material"
2391,温度,,noun,temperature; heat
2392,性質,,noun,"nature, disposition"
2393,方針,,noun,"course, line; policy, plan; principle"
2394,ひたすら,,adverb,"determinedly, earnestly"
2395,秘密,,noun,"secret, confidence"
2396,該当,,noun,"fall under, be applicable, correspond"
2397,案内,,noun,"guidance; guide, sign"
2398,基礎,,noun,"basis, basics, foundation"
2399,単なる,,adnominal,"mere, simple"
2400,草,,noun,"grass, weed"
2401,食品,,noun,food
2402,トラブル,,noun,trouble
2403,植える,,verb,plant
2404,定義,,noun,definition
2405,盛り上がる,,verb,"swell, rise; liven up"
2406,祖父,,noun,grandfather
2407,扉,,noun,door
2408,僕達,,pronoun,we (used by male speakers)
2409,にわたって,,compound,"throughout, over a period of"
2410,廊下,,noun,corridor
2411,要請,,noun,request
2412,お姉さん,,noun,elder sister
2413,プログラム,,noun,program
2414,職業,,noun,"occupation, trade, profession"
2415,限界,,noun,"limit, boundary"
2416,地位,,noun,"rank, position"
2417,負う,,verb,"take, assume"
2418,何しろ,,adverb,"anyhow, anyway"
2419,何と,,adverb,"how, what"
2420,エンジン,,noun,engine
2421,コンビニ,,noun,convenience store
2422,質,,noun,"nature, quality"
2423,漢字,,noun,"kanji, Chinese character"
2424,政策,,noun,policy
2425,本物,,noun,"real (thing), genuine"
2426,作り出す,,verb,"make, create"
2427,解消,,noun,"cancellation, annulment; cancel, dissolve"
2428,キャンプ,,noun,camp
2429,アルバム,,noun,album
2430,運命,,noun,"destiny, fate"
2431,に違いない,,auxiliary,"must be, no doubt that"
2432,発する,,verb,"emit, release"
2433,ロボット,,noun,robot
2434,水分,,noun,"water, moisture"
2435,天皇,,noun,Emperor (of Japan)
2436,布,,noun,cloth
2437,生物,,noun,living thing; biology
2438,根,,noun,root
2439,信用,,noun,"trust, rely on"
2440,ロシア,,noun,Russia
2441,農業,,noun,agriculture
2442,思想,,noun,"thought, idea"
2443,丁寧,,na-adjective,"careful, polite"
2444,種,たね,noun,seed
2445,書類,,noun,document
2446,疑う,,verb,"suspect, doubt"
2447,神様,,noun,"god, God"
2448,悔しい,,i-adjective,"regrettable, frustrating; feel regret"
2449,農家,,noun,farmer
2450,市町村,,noun,municipality
2451,被害者,,noun,victim
2452,時計,,noun,watch; clock
2453,雲,,noun,cloud
2454,ぱっと,,adverb,suddenly
2455,メッセージ,,noun,message
2456,いじめ,,noun,bullying
2457,離婚,,noun,divorce
2457,離婚する,,verb,"divorce, get divorced"
2458,効果的,,na-adjective,effective
2459,掲載,,noun,publication
2459,掲載する,,verb,"publish, print"
2460,しょっちゅう,,adverb,"often, always"
2461,オリンピック,,noun,Olympics
2462,操作,,noun,operation
2462,操作する,,verb,operate
2463,知恵,,noun,wisdom
2464,伝統,,noun,tradition
2465,留まる,,verb,stay
2466,受かる,,verb,pass
2467,恐れる,,verb,"fear, be afraid"
2468,著しい,,i-adjective,significant
2469,カレー,,noun,curry
2470,ウインドウズ,,noun,Windows
2471,救う,,verb,"save, rescue"
2472,助かる,,verb,"survive, be saved; be helpful"
2473,巡る,,verb,go around
2474,予約,,noun,reservation
2474,予約する,,verb,"reserve, book"
2475,響く,,verb,affect
2476,事前,,noun,prior
2477,進行,,noun,progression
2477,進行する,,verb,progress
2478,解説,,noun,"explanation, comment, description"
2478,解説する,,verb,explain
2479,潰す,,verb,"smash; crush, squash; ruin"
2480,二時,,noun,two o’clock
2481,行事,,noun,event
2482,男女,,noun,men and women
2483,メイン,,noun,main
2484,かむ,,verb,bite; chew
2485,温める,,verb,"warm, heat"
2486,概念,,noun,"notion, idea, concept"
2487,重視,,noun,respect
2487,重視する,,verb,"make a point of, consider important"
2488,複数,,noun,plural
2489,三十,,numeral,thirty
2490,興奮,,noun,excitement
2490,興奮する,,verb,be excited
2491,突っ込む,,verb,"thrust, stick; dip; shove"
2492,牛,,noun,"cattle, cow, ox"
2493,鏡,,noun,mirror
2494,ないし,,conjunction,"or, otherwise"
2495,二千年,,noun,2000 (year); two thousand years
2496,煙,,noun,"smoke, fumes; fog"
2497,参照,,noun,reference
2497,参照する,,verb,"consult, refer"
2498,価値観,,noun,sense of values
2499,バター,,noun,butter
2500,スープ,,noun,soup
2501,自殺,,noun,suicide
2501,自殺する,,verb,commit suicide
2502,トラック,,noun,truck
2503,委員,,noun,committee member; councillor
2504,行政,,noun,"administration, government"
2505,一年生,,noun,"first grade, first year"
2506,犯す,,verb,"commit, offend; break"
2507,膨らむ,,verb,"swell, expand"
2508,とうとう,,adverb,finally
2509,このごろ,,noun,these days
2510,女子,,noun,"woman, girl"
2511,JR (JR),,noun,Japan Railways (JR)
2512,言語,,noun,"language, tongue, speech"
2513,とる,,auxiliary,[shortened form of “teoru”]
2514,以来,,noun,since
2515,市内,,noun,within the city
2516,しかしながら,,auxiliary,"however, but"
2517,針,,noun,needle; stitch
2518,集団,,noun,"group, mass"
2519,体調,,noun,physical condition
2520,三年間,,noun,three years
2521,手前,,noun,this side
2522,幼い,,i-adjective,"young, immature, childish"
2523,説,,noun,theory; explanation
2524,神社,,noun,shrine
2525,列車,,noun,train
2526,夢中,,"noun, na-adjective","crazy about, obsessed with"
2527,トレーニング,,noun,training
2528,よほど、よっぽど,,adverb,"very, greatly"
2529,どうせ,,adverb,anyway
2530,坂,,noun,"slope, hill"
2531,検索,,noun,search
2531,検索する,,verb,"search, look up"
2532,アップ,,noun,raise
2532,アップする,,verb,go up
2533,絶える,,verb,"cease, fail"
2534,三十一日,,noun,thirty-first (date); thirty one days
2535,取材,,noun,"interview, report"
2535,取材する,,verb,gather information
2536,ぶつかる,,verb,"strike, bump, collide"
2537,曲がる,,verb,"bend, wind; turn"
2538,ては,,"particle, conjunction",alternately do ... and ...
2539,前年,,noun,"previous year, year before"
2540,飽きる,,verb,"tire, weary, be tired of, get bored"
2541,三十日,,noun,thirtieth (date); thirty days
2542,分類,,noun,classification
2542,分類する,,verb,classify
2543,どっち,,pronoun,which
2544,自分なり,,noun,in one’s own way
2545,覚悟,,noun,"readiness, preparedness"
2545,覚悟する,,verb,be ready
2546,糸,,noun,"thread, string"
2547,逮捕,,noun,arrest
2547,逮捕する,,verb,arrest
2548,収まる,,verb,"hold, pack"
2549,交渉,,noun,"negotiation, treaty"
2549,交渉する,,verb,negotiate
2550,枝,,noun,"branch, twig, bough"
2551,なにより,,adverb,"above all, chiefly, more than anything"
2552,教科書,,noun,textbook
2553,六時,,noun,six o’clock
2554,取り引き,,noun,"business, dealing, trade"
2555,免許,,noun,"license, permit"
2556,講ずる,,verb,take
2557,太い,,i-adjective,thick; heavy; bold
2558,開く,あく,verb,open
2559,及ぼす,,verb,"influence, affect"
2560,千円,,noun,one thousand yen
2561,独自,,na-adjective,"original, own"
2562,夕食,,noun,dinner
2563,震える,,verb,"shake, tremble"
2564,心臓,,noun,heart
2565,世界的,,na-adjective,"world, global"
2566,所属,,noun,affiliation
2566,所属する,,verb,"attach, be attached, belong"
2567,騒ぐ,,verb,"make a noise, make a fuss"
2568,そっと,,adverb,"softly, lightly"
2569,溜める,,verb,"save, store, accumulate"
2570,晩,,noun,"night, evening"
2571,小屋,,noun,"hut, cabin, barn, shed"
2572,会議,,noun,meeting
2573,個性,,noun,"personality, character"
2574,たがる,,auxiliary,want to
2575,理想,,noun,"ideal, dream"
2576,給料,,noun,salary
2577,マスコミ,,noun,"mass media, mass communication"
2578,おい,,interjection,hey
2579,屋根,,noun,roof
2580,クリスマス,,noun,Christmas
2581,重なる,,verb,pile up; conspire
2582,各地,,noun,each place
2583,落ち込む,,verb,"sink, go down; be depressed"
2584,進化,,noun,evolution
2584,進化する,,verb,"evolve, develop"
2585,とんでも,,adverb,"unexpected; outrageous, very offensive"
2586,思い付く,,verb,"think of, guess, conceive"
2587,新幹線,,noun,bullet train
2588,第三,,noun,third
2589,数える,,verb,"count, number"
2590,公開,,noun,"exhibition, presentation"
2590,公開する,,verb,release
2591,地面,,noun,"ground, land"
2592,貢献,,noun,"contribution, service"
2592,貢献する,,verb,contribute
2593,台風,,noun,typhoon
2594,映る,,verb,reflect
2595,大臣,,noun,"Cabinet minister, minister of state"
2596,十四,,numeral,fourteen
2597,入学,,noun,"(school etc.) entrance, admission"
2597,入学する,,verb,enter (school etc.)
2598,紅茶,,noun,tea (black)
2599,控える,,verb,"abstain, hold back, refrain"
2600,促す,,verb,urge
2601,何事,,noun,what
2602,プレゼント,,noun,present
2603,配る,,verb,"deal, distribute, deliver"
2604,改革,,noun,reform
2604,改革する,,verb,make reforms
2605,一致,,noun,"agreement, accord"
2605,一致する,,verb,"consent, agree"
2606,ゼロ,,noun,zero
2607,義務,,noun,"duty, obligation"
2608,出席,,noun,attendance
2608,出席する,,verb,attend
2609,十人,,noun,ten people
2610,処分,,noun,"disposal, disposition"
2610,処分する,,verb,dispose of
2611,年間,,noun,year; annual
2612,広島,,noun,Hiroshima
2613,NHK (NHK),,noun,Nihon Hoso Kyokai (Japan Broadcasting Corporation)
2614,設計,,noun,"plan, design"
2614,設計する,,verb,"plan, design"
2615,飛び込む,,verb,"dive, plunge"
2616,邪魔,,noun,"obstacle, disturbance, interruption"
2616,邪魔する,,verb,"disturb, interrupt"
2617,ゆでる,,verb,boil
2618,プール,,noun,pool
2619,弁護士,,noun,"lawyer, counsellor"
2620,叱る,,verb,"scold, admonish"
2621,恋人,,noun,"lover, boyfriend, girlfriend"
2622,暮らし,,noun,"life, livelihood"
2623,王,,noun,"king, monarch"
2624,真似,,noun,"imitation, mimicry, impersonation"
2624,真似する,,verb,"imitate, copy"
2625,税金,,noun,tax
2626,預ける,,verb,"leave, check, deposit"
2627,軟らかい,,i-adjective,"soft, tender"
2628,物事,,noun,thing
2629,相変わらず,,adverb,"as ever, as usual, the same, as before [always]"
2630,年金,,noun,"pension, annuity"
2631,やりとり,,noun,"exchange, interchange"
2632,ホーム,,noun,platform
2633,頼る,,verb,"depend, turn to, trust"
2634,学生時代,,noun,"student days, university days"
2635,憧れ,,noun,admiration
2636,内側,,noun,"inside, interior, inner"
2637,講師,,noun,"speaker, lecturer"
2638,池,,noun,pond
2639,接続,,noun,connection
2639,接続する,,verb,connect
2640,役者,,noun,"actor, actress"
2641,光る,,verb,"shine, glitter, twinkle"
2642,富士山,,noun,Mt. Fuji
2643,必要性,,noun,necessity
2644,七時,,noun,seven o’clock
2645,としたら,,conjunctive particle,if so
2646,出演,,noun,"appearance, broadcast"
2646,出演する,,verb,"appear (on stage, TV)"
2647,柱,,noun,"pillar, post"
2648,間に合う,,verb,"catch, get, make it"
2649,年代,,noun,era; generation; date
2650,鉄,,noun,"iron, steel"
2651,継続,,noun,continuation
2651,継続する,,verb,continue
2652,特殊,,na-adjective,special
2653,引き上げる,,verb,"pull up; increase, raise"
2654,スペイン,,noun,Spain
2655,裁判,,noun,trial; judgment; justice
2656,はあ,,interjection,"oh, Oh boy, Oh dear"
2657,上回る,,verb,"exceed, surpass"
2658,地下鉄,,noun,"subway, underground"
2659,専門家,,noun,"expert, specialist"
2660,内部,,noun,"inside, interior"
2661,割る,,verb,break; crack
2662,スペース,,noun,"space, room"
2663,結果的,,na-adjective,result
2664,飲める,,verb,be able to drink
2665,割,,noun,"cost, rate"
2666,日記,,noun,diary
2667,担う,,verb,"cover, carry, take"
2668,揺れる,,verb,"shake, wave, swing"
2669,彼,かれ,pronoun,he; boyfriend
2670,一匹,,noun,one (animal)
2671,憲法,,noun,constitution
2672,件,,noun,"affair, matter, issue"
2673,江戸時代,,noun,Edo era
2674,むく,,verb,"peel, pare"
2675,親切,,na-adjective,kind
2676,埼玉県,,noun,Saitama prefecture
2677,急速,,na-adjective,"rapid, speedy"
2678,燃える,,verb,"burn, flame, glow, be on fire"
2679,末,すえ,noun,"end, last"
2680,胃,,noun,"stomach, belly"
2681,九州,,noun,Kyushu
2682,ブログ,,noun,blog
2683,にすぎない,,auxiliary,"just, mere"
2684,想定,,noun,"assumption, supposition"
2684,想定する,,verb,"assume, suppose"
2685,学習,,noun,"learning, study"
2685,学習する,,verb,"learn, study"
2686,ケーキ,,noun,cake
2687,六年,,noun,six years
2688,袋,,noun,"bag, sack, pouch"
2689,医療,,noun,"medical care, medical treatment"
2690,増大,,noun,"increase, growth; increase, grow"
2691,競争,,noun,"competition, contest"
2691,競争する,,verb,compete
2692,投資,,noun,investment
2692,投資する,,verb,invest
2693,ほっとする,,verb,be relieved
2694,お土産,,noun,"present, souvenir"
2695,記述,,noun,"description, account"
2695,記述する,,verb,describe
2696,謝る,,verb,apologize
2697,にもかかわらず,,conjunctive particle,"in spite of, though, despite"
2698,獲得,,noun,acquisition
2698,獲得する,,verb,"get, gain"
2699,見直す,,verb,"review, look over"
2700,無人,,noun,"uninhabited, empty"
2701,心がける,,verb,"be careful, be prudent"
2702,テープ,,noun,tape
2703,七日,,noun,seventh (date); seven days
2704,二つ目,,noun,second
2705,板,,noun,"board, plate"
2706,自慢,,noun,"pride, boast"
2706,自慢する,,verb,"boast, brag"
2707,前項,,noun,previous page
2708,選挙,,noun,election
2709,更新,,noun,renewal
2709,更新する,,verb,"renew, update"
2710,IT (IT),,noun,IT
2711,あちら,,pronoun,"that way; that place, there; that"
2712,受け止める,,verb,"take, catch"
2713,景気,,noun,"business conditions, economy"
2714,二十五日,,noun,twenty-fifth (date); twenty-five days
2715,根拠,,noun,"ground, evidence"
2716,チケット,,noun,ticket
2717,民間,,noun,"private, non government"
2718,口調,,noun,"tone, voice"
2719,ふさわしい,,i-adjective,"suitable, appropriate"
2720,といっても,,particle,even though
2721,眼鏡,,noun,"glasses, spectacles"
2722,脇,,noun,side
2723,持ち込む,,verb,"bring, import"
2724,全身,,noun,"all over, whole body"
2725,兄さん,,noun,elder brother
2726,予測,,noun,prospect
2726,予測する,,verb,"predict, estimate"
2727,あれ,,interjection,Oh
2728,つながり,,noun,"connection, relation"
2729,欠ける,,verb,lack; chip
2730,嫌う,,verb,"hate, detest"
2731,保険料,,noun,insurance premium
2732,飛ばす,,verb,"let fly, fly"
2733,教わる,,verb,learn
2734,三十年,,noun,thirty years
2735,後半,,noun,"latter half, second half"
2736,たく,,verb,burn
2737,何日,,noun,many days; how many days
2738,防止,,noun,prevention
2738,防止する,,verb,prevent
2739,遺伝子,,noun,gene
2740,本屋,,noun,bookshop
2741,明日,,noun,tomorrow
2742,早め,,noun,early
2743,独特,,na-adjective,"peculiar, unique; personal"
2744,今夜,,noun,tonight
2745,ゆえ,,noun,reason; therefore
2746,リズム,,noun,rhythm
2747,突く,つく,verb,push; prick
2748,魂,,noun,"soul, spirit"
2749,滞在,,noun,"stay, visit"
2749,滞在する,,verb,"stay, visit, stop"
2750,連携,,noun,cooperation
2750,連携する,,verb,work together with
2751,ライブ,,noun,live (music)
2752,演ずる,,verb,"play, perform"
2753,廃止,,noun,abolition
2753,廃止する,,verb,repeal
2754,復活,,noun,"revival, restoration"
2754,復活する,,verb,"revive, restore"
2755,借金,,noun,"debt, loan"
2755,借金する,,verb,borrow (money)
2756,常識,,noun,"common sense, general knowledge"
2757,闇,,noun,"darkness, dark"
2758,見守る,,verb,"watch, observe"
2759,不便,,noun,inconvenience
2759,不便,,na-adjective,inconvenient
2760,栄養,,noun,nutrition
2761,フランス語,,noun,French language
2762,アクセス,,noun,access
2763,PC (PC),,noun,personal computer
2764,不幸,,na-adjective,"unhappiness, misfortune"
2765,こだわる,,verb,stick to; be particular about
2766,カット,,noun,cut
2767,乾く,,verb,dry
2768,おまけ,,noun,"addition, free gift"
2769,をはじめ,,particle,"starting with ... , including"
2770,ついで,,noun,"on one’s way, along the way"
2771,名称,,noun,name
2772,鍛える,,verb,"train, discipline"
2773,大学生,,noun,"college student, university student"
2774,左手,,noun,left hand; on one’s left
2775,乾燥,,noun,dryness
2775,乾燥する,,verb,dry
2776,たった,,adverb,"just, only"
2777,およそ,,adverb,"around, about"
2778,八日,,noun,eighth (date); eight days
2779,ぴったり,,adverb,tight; exactly
2780,添える,,verb,"attach, add"
2781,ノート,,noun,notebook
2782,配置,,noun,"arrangement, layout"
2782,配置する,,verb,arrange
2783,輸出,,noun,exportation
2783,輸出する,,verb,export
2784,陰,,noun,"shade, shadow; behind someone’s back"
2785,漬ける,,verb,soak; pickle
2786,果物,,noun,fruit
2787,個々,,noun,"individual, each"
2788,十六日,,noun,sixteenth (date); sixteen days
2789,電話番号,,noun,telephone number
2790,混む,,verb,be crowded
2791,築く,,verb,"build, have"
2792,穏やか,,na-adjective,"mild; calm, peaceful"
2793,結び付く,,verb,"join, be connected with"
2794,崩れる,,verb,"crumble, collapse"
2795,届ける,,verb,deliver; send; report
2796,プレー,,noun,play
2797,進歩,,noun,"progress, advance"
2797,進歩する,,verb,"progress, advance"
2798,百,,noun,hundred
2799,（お）尻,,noun,hips
2800,汚れる,よごれる,verb,"dirty, soil"
2801,産業,,noun,industry
2802,前日,,noun,"eve, previous day"
2803,吸収,,noun,"absorption, assimilation"
2803,吸収する,,verb,"absorb, assimilate"
2804,驚き,,noun,"surprise, amazement"
2805,ソ連,,noun,the Soviet Union
2806,悲しみ,,noun,"sadness, grief"
2807,十一日,,noun,eleventh (date); eleven days
2808,最低,,noun,"minimum, lowest"
2809,十六,,numeral,sixteen
2810,にんにく,,noun,garlic
2811,順番,,noun,"turn, order"
2812,裁判所,,noun,"court, courthouse"
2813,観光,,noun,sightseeing
2813,観光する,,verb,go sightseeing
2814,申し訳,,noun,"excuse, apology"
2815,葉っぱ,,noun,leaf
2816,生き物,,noun,"creature, life"
2817,演出,,"noun, verb","direction, direct"
2818,ですが,,conjunction,"but, however"
2819,本気,,noun,"seriousness, earnestness"
2819,本気,,na-adjective,"serious, earnest"
2820,三年生,,noun,"third grade, third year"
2821,記入,,noun,entry
2821,記入する,,verb,fill in
2822,見上げる,,verb,look up; respect
2823,話し合い,,noun,"discussion, meeting"
2824,値,,noun,price
2825,一人暮らし,,noun,"living alone, single life"
2826,趣旨,,noun,"purpose, intention, point"
2827,柔らかい,,i-adjective,soft
2828,舌,,noun,tongue
2829,三時間,,noun,three hours
2830,後悔,,noun,"repentance, regret"
2830,後悔する,,verb,regret
2831,詰める,,verb,"plug, pack, stuff"
2832,勝利,,noun,"victory, triumph, winning"
2833,自覚,,noun,"consciousness, awareness"
2833,自覚する,,verb,realize
2834,今朝,,noun,this morning
2835,総合的,,na-adjective,"synthetic, integrated, comprehensive"
2836,美しさ,,noun,beauty
2837,法人,,noun,corporation
2838,滑る,すべる,verb,"slide, slip; be slippery"
2839,極端,,na-adjective,extreme
2840,留学,,noun,study abroad
2840,留学する,,verb,study abroad
2841,念,,noun,"sense, feeling"
2842,銀座,,noun,Ginza (place name)
2843,十五年,,noun,fifteen years
2844,漂う,,verb,"drift, float"
2845,測る,,verb,measure; weigh
2846,永遠,,noun,"eternity, permanence"
2847,十四日,,noun,fourteenth (date); fourteen days
2848,取り戻す,,verb,"take back, repossess"
2849,いっぺん,,noun,at the same time; altogether
2850,門,,noun,gate
2851,伸び,,noun,growth
2852,たどる,,verb,"follow, trace, search"
2853,事例,,noun,case
2854,どなた,,pronoun,who
2855,やばい,,i-adjective,"risky, chancy"
2856,冗談,,noun,joke
2857,巣,,noun,nest
2858,進展,,noun,"progress, development, evolution"
2858,進展する,,verb,"develop, progress, advance"
2859,手伝い,,noun,help
2860,死亡,,noun,"death, decease"
2860,死亡する,,verb,die
2861,細胞,,noun,cell
2862,犠牲,,noun,"sacrifice, expense"
2863,殴る,,verb,"hit, strike"
2864,前後,,noun,back and forth
2865,対立,,noun,"opposition, conflict"
2865,対立する,,verb,be opposed to
2866,六日,,noun,sixth (date); six days
2867,比率,,noun,"ratio, proportion"
2868,タイ,,noun,Thailand
2869,放つ,,verb,"fly, loose"
2870,香港,,noun,Hong Kong
2871,湖,,noun,lake
2872,稼ぐ,,verb,earn
2873,出現,,noun,"appearance, dawn, birth, advent"
2873,出現する,,verb,appear
2874,真実,,noun,"truth, reality"
2875,前回,,noun,"last time, previous time"
2876,工事,,noun,"construction, work"
2876,工事する,,verb,construct
2877,科学,,noun,science
2878,順,,noun,order
2879,読者,,noun,reader
2880,不足,,noun,"lack, shortage"
2880,不足する,,verb,be insufficient
2881,社会的,,na-adjective,social
2882,限定,,noun,"restriction, limitation"
2882,限定する,,verb,"restrict, limit"
2883,劇団,,noun,theatrical company
2884,看護婦,,noun,nurse (female)
2885,人参,,noun,carrot
2886,一面,,noun,"side, facet"
2887,生涯,,noun,"life, lifetime; career"
2888,意思,,noun,"will, intention"
2889,追加,,noun,"addition, supplement"
2889,追加する,,verb,"add, supplement"
2890,台湾,,noun,Taiwan
2891,日常生活,,noun,daily life
2892,拭く,,verb,"wipe, dry"
2893,レース,,noun,race
2894,民族,,noun,"people, race, nation"
2895,天,,noun,"sky, heaven"
2896,花火,,noun,firework
2897,項目,,noun,"item, heading"
2898,動向,,noun,"trend, movement"
2899,にしろ,,conjunctive particle,even if
2900,日頃,,noun,everyday
2901,砂,,noun,sand
2902,大根,,noun,"Japanese radish, radish"
2903,感激,,noun,deep emotion
2903,感激する,,verb,be impressed
2904,浮く,,verb,"float, suspend"
2905,まして,,adverb,"much less, much more"
2906,リスク,,noun,risk
2907,引っ掛かる,,verb,catch; be caught
2908,オークション,,noun,auction
2909,二十一日,,noun,twenty-first (date); twenty-one days
2910,ほら,,interjection,Look!
2911,を通して,,compound,according to; through
2912,武器,,noun,weapon
2913,都内,,noun,in the city
2914,違反,,noun,violation
2914,違反する,,verb,violate
2915,すっきり,,"adverb, verb",feel refreshed
2916,十二日,,noun,"twelfth (date), twelve days"
2917,別に,,adverb,(not) particularly
2918,十八日,,noun,eighteenth (date); eighteen days
2919,お宅,,noun,your house
2920,交通,,noun,traffic; transportation
2921,業界,,noun,business world
2922,解放,,noun,liberation
2922,解放する,,verb,liberate
2923,需要,,noun,demand
2924,高度,,noun,altitude
2924,高度,,na-adjective,"high, advanced"
2925,帰国,,"noun, verb",going/coming back to one’s own country
2926,午前中,,noun,"in the morning, throughout the morning"
2927,実践,,noun,practice
2927,実践する,,verb,practice
2928,深刻,,na-adjective,serious
2929,十八,,numeral,eighteen
2930,関係者,,noun,person concerned
2931,追いかける,,verb,"run after, chase"
2932,作用,,noun,action
2932,作用する,,verb,act
2933,毎週,,adverb,every week
2934,五つ,,numeral,five
2935,頻繁,,na-adjective,frequent
2936,差別,,noun,discrimination
2936,差別する,,verb,discriminate
2937,大声,,noun,loud voice
2938,長年,,adverb,long time; many years
2939,固まり,,noun,"mass, lump"
2940,快適,,na-adjective,comfortable
2941,あいつ,,pronoun,that fellow; that thing
2942,研修,,noun,training
2942,研修する,,verb,study
2943,沈む,,verb,"sink, go down"
2944,男子,,noun,"boy, man"
2945,爪,,noun,nail; claw
2946,青年,,noun,young man
2947,捕まえる,,verb,"catch, arrest"
2948,こいつ,,pronoun,this fellow; this thing
2949,氷,,noun,ice
2950,十七日,,noun,seventeenth (date); seventeen days
2951,鋭い,,i-adjective,"sharp, pointed"
2952,いじめる,,verb,"torment, bully, tease"
2953,業者,,noun,"dealer, agent, operator"
2954,大半,,noun,"better part, most part"
2955,作り上げる,,verb,"make up, build up"
2956,三つ目,,noun,third
2957,称する,,verb,call; pretend
2958,とすれば,,conjunctive particle,if that is the case
2959,支持,,noun,support
2959,支持する,,verb,support
2960,九日,,noun,ninth (date); nine days
2961,雌,,noun,female animal
2962,跡,,noun,"track, trail; mark, sign"
2963,トマト,,noun,tomato
2964,エピソード,,noun,"episode, anecdote"
2965,真,まこと,noun,"truth, fact"
2966,訪問,,noun,"visit, call"
2966,訪問する,,verb,"visit, call (on)"
2967,スピーチ,,noun,speech
2968,一見,,adverb,at a glance
2969,足元,,noun,at one’s feet; step
2970,台所,,noun,kitchen
2971,ねばならない,,compound,"must, have to"
2972,毛,,noun,hair; fur; wool
2973,一点,,noun,"point, single point"
2974,二十三日,,noun,twenty-third (date); twenty-three days
2975,支給,,noun,"provision, payment"
2975,支給する,,verb,"provide, pay"
2976,経費,,noun,"expense, cost"
2977,晴れる,,verb,"clear up, be dispelled; be refreshed"
2978,感心,,noun,admiration
2978,感心する,,verb,admire
2979,ポケット,,noun,pocket
2980,決意,,noun,determination
2980,決意する,,verb,resolve
2981,法則,,noun,law
2982,とはいえ,,conjunctive particle,"though, however"
2983,資産,,noun,"assets, property"
2984,慎重,,na-adjective,"careful, discreet"
2985,二十四日,,noun,twenty-fourth (date); twenty-four days
2986,尊敬,,noun,respect
2986,尊敬する,,verb,respect
2987,尽くす,,verb,"do one’s best, devote; exhaust"
2988,謎,,noun,"mystery, riddle"
2989,田んぼ,,noun,rice field
2990,評判,,noun,reputation; popularity
2991,寒さ,,noun,cold
2992,天井,,noun,ceiling
2993,池袋,,noun,Ikebukuro (place name)
2994,せめて,,adverb,"at least, at most"
2995,喫茶店,,noun,"tearoom, coffee shop, café"
2996,従業員,,noun,"employee, worker"
2997,嫁,,noun,wife; bride; daughter-in-law
2998,浮かべる,,verb,float; show; imagine
2999,災害,,noun,"disaster, calamity"
3000,国際的,,na-adjective,international
3001,髪の毛,,noun,hair
3002,ないといけない,,compound,"must, have to"
3003,加入,,noun,"admission, joining"
3003,加入する,,verb,join
3004,受け付け,,noun,"acceptance, information desk, reception (desk)"
3005,玉,たま,noun,ball; coin
3006,型,,noun,"model, pattern, type"
3007,順調,,na-adjective,"satisfactory, favorable, smooth"
3008,専門,,noun,"specialty, speciality"
3009,供給,,noun,supply
3009,供給する,,verb,supply
3010,振り,,noun,pretence
3011,売り上げ,,noun,sales
3012,建築,,noun,"architecture, construction"
3012,建築する,,verb,build
3013,利用者,,noun,user
3014,多様,,na-adjective,various
3015,地方公共団体,,noun,local public body
3016,じゃん,,discourse particle,isn’t it?
3017,鉄道,,noun,"railroad, railway"
3018,誕生日,,noun,birthday
3019,五十年,,noun,fifty years
3020,役員,,noun,"official, director"
3021,設備,,noun,"equipment, facilities"
3022,悪化,,noun,change for the worse
3022,悪化する,,verb,worsen
3023,用,,noun,something to do; use
3024,ただいま,,adverb,"now, just now, at once; I’m back!"
3025,十三日,,noun,thirteenth (date); thirteen days
3026,遺跡,,noun,"ruins, remains"
3027,消費,,noun,consumption
3027,消費する,,verb,consume
3028,模様,,noun,"pattern, design, look"
3029,深める,,verb,deepen
3030,パパ,,noun,"papa, dad"
3031,文,ぶん,noun,sentence
3032,中国人,,noun,Chinese (person)
3033,活性化,,noun,revitalization
3033,活性化する,,verb,revitalize
3034,聖書,,noun,Bible
3035,神経,,noun,nerve
3036,混乱,,noun,confusion
3036,混乱する,,verb,get confused
3037,ど,,particle,but (Classical)
3038,癒す,,verb,"heal, cure, recover from"
3039,磨く,,verb,"polish, brush; improve"
3040,動作,,noun,"movement, operation"
3040,動作する,,verb,operate
3041,コンサート,,noun,concert
3042,粉,,noun,"flour, powder"
3043,身長,,noun,height
3044,賛成,,noun,agreement
3044,賛成する,,verb,agree
3045,形態,,noun,form
3046,につれて,,compound,as
3047,部下,,noun,subordinate
3048,二十世紀,,noun,twentieth century
3049,ひょっとする,,verb,perhaps
3050,勤務,,noun,"service, duty, work"
3050,勤務する,,verb,"work, serve"
3051,恋愛,,noun,love (romantic)
3051,恋愛する,,verb,love
3052,都道府県,,noun,prefectures
3053,誤解,,noun,misunderstanding
3053,誤解する,,verb,misunderstand
3054,直前,,noun,just before
3055,平均,,noun,average
3055,平均する,,verb,average
3056,出身,,noun,hometown; alma mater
3057,区,,noun,"ward, district"
3058,しょう油,,noun,soy sauce
3059,こつ,,noun,knack
3060,翻訳,,noun,translation
3060,翻訳する,,verb,translate
3061,ぼおっと,,adverb,vacantly; dimly
3062,ソース,,noun,sauce; source
3063,二十二日,,noun,twenty-second (date); twenty-two days
3064,固まる,,verb,harden; become certain
3065,ステージ,,noun,stage
3066,ストーリー,,noun,story
3067,越す,,verb,"cross, pass"
3068,まとまる,,verb,be well arranged; be united; be settled
3069,始まり,,noun,"beginning, origin"
3070,解く,とく,verb,untie; solve; remove
3071,別れ,,noun,"parting, farewell"
3072,女房,,noun,wife
3073,才能,,noun,"talent, ability"
3074,背後,,noun,back; background
3075,通過,,noun,passage
3075,通過する,,verb,pass
3076,確信,,noun,conviction
3076,確信する,,verb,be convinced
3077,株,,noun,"stump; stock, share"
3078,いまさら,,adverb,now (after such a long time)
3079,強力,,na-adjective,"strong, powerful"
3080,神戸,,noun,Kobe
3081,見出だす,,verb,"find, discover"
3082,北朝鮮,,noun,"Democratic People’s Republic of Korea, North Korea"
3083,側面,,noun,side; flank
3084,誇り,,noun,"pride, honor"
3085,作り,,noun,"make, construction"
3086,米,べい,noun,meter
3087,崩壊,,noun,collapse
3087,崩壊する,,verb,collapse
3088,二十一,,noun,twenty-one
3089,直ちに,,adverb,"immediately, directly"
3090,バッグ,,noun,bag
3091,本書,,noun,this book
3092,器,,noun,container
3093,血液,,noun,blood
3094,衝撃,,noun,"shock, impact"
3095,嫌がる,,verb,be reluctant; hate
3096,製造,,noun,production
3096,製造する,,verb,produce
3097,とりわけ,,adverb,especially
3098,小麦粉,,noun,flour
3099,気配,,noun,"indication, sign"
3100,理論,,noun,theory
3101,流行,,noun,"fashion, epidemic"
3101,流行する,,verb,"come into fashion, be rife"
3102,見解,,noun,"opinion, view"
3103,承認,,noun,approval
3103,承認する,,verb,approve
3104,いかにも,,adverb,"indeed, really, just"
3105,単位,,noun,"unit, credit"
3106,掘る,,verb,dig
3107,歌詞,,noun,song lyrics
3108,絡む,,verb,"get entangled, involve; pick a quarrel"
3109,文明,,noun,civilization
3110,長崎,,noun,Nagasaki
3111,構える,,verb,"get set, get ready; set up"
3112,わー,,interjection,wow!
3113,発音,,noun,pronunciation
3113,発音する,,verb,pronounce
3114,共有,,noun,share
3114,共有する,,verb,share
3115,勝負,,noun,"victory or defeat, match"
3115,勝負する,,verb,play
3116,住まい,,noun,"house, residence"
3117,二十八日,,noun,twenty-eighth (date); twenty-eight days
3118,重大,,na-adjective,"serious, important"
3119,各国,,noun,"each country, various countries"
3120,無理矢理,,adverb,"forcibly, against one’s will"
3121,五百円,,noun,five hundred yen
3122,出品,,noun,exhibit
3122,出品する,,verb,submit
3123,祈る,,verb,"pray, wish"
3124,三番目,,noun,third
3125,メモ,,noun,memo
3125,メモする,,verb,take notes
3126,平日,,noun,weekday
3127,支払い,,noun,payment
3128,皮膚,,noun,skin
3129,反面,,noun,other side
3130,代表的,,na-adjective,"representative, typical"
3131,整う,,verb,be ready; be well-regulated
3132,初心者,,noun,beginner
3133,たどり着く,,verb,"finally arrive at, struggle along to"
3134,焼ける,,verb,be burned; be roasted; be sunburned
3135,合併,,noun,"combination, merger"
3135,合併する,,verb,"combine, merge"
3136,ウサギ,,noun,rabbit
3137,徹底,,noun,"thoroughgoing, out-and-out"
3137,徹底する,,verb,be thorough
3138,脱ぐ,,verb,take off
3139,八年,,noun,eight years
3140,ですけれど,,conjunction,but
3141,意,,noun,mind; will; sense
3142,自民党,,noun,Liberal Democratic Party
3143,地下,,noun,basement; underground
3144,構築,,noun,construction
3144,構築する,,verb,construct
3145,両者,,noun,"both, the two"
3146,適する,,verb,"suit, fit"
3147,引き受ける,,verb,undertake
3148,番号,,noun,number
3149,経営者,,noun,"manager, proprietor"
3150,焦る,,verb,be in a hurry; be impatient; be eager
3151,論文,,noun,"essay, thesis, paper, dissertation"
3152,タイミング,,noun,timing
3153,百パーセント,,noun,one hundred percent
3154,週末,,noun,weekend
3155,出品者,,noun,exhibitor
3156,二十六日,,noun,twenty-sixth (date); twenty-six days
3157,正式,,na-adjective,"formal, official"
3158,カラオケ,,noun,karaoke
3159,退職,,noun,"retirement, resignation"
3159,退職する,,verb,"retire, resign"
3160,満ちる,,verb,be full; rise
3161,おとなしい,,i-adjective,"gentle, well‐behaved, quiet"
3162,知人,,noun,acquaintance
3163,刻む,,verb,cut into fine pieces; engrave; tick
3164,十九日,,noun,nineteenth (date); nineteen days
3165,千葉県,,noun,Chiba prefecture
3166,食材,,noun,"ingredient, foodstuff"
3167,携わる,,verb,"participate, be engaged"
3168,組み合わせ,,noun,"combination, matching"
3169,冷静,,na-adjective,calm
3170,台詞,,noun,"lines, speech, words"
3171,コート,,noun,coat; court
3172,二年生,,noun,"second grade, second year"
3173,ロック,,noun,rock; lock
3174,国会,,noun,"national assembly, Diet"
3175,編む,,verb,"knit, braid"
3176,破る,,verb,tear; break; beat
3177,真っ赤,,na-adjective,bright red; downright
3178,意図,,noun,intention
3179,さらす,,verb,expose
3180,手間,,noun,labour; time
3181,可愛がる,,verb,"love, treat with affection"
3182,森林,,noun,"forest, woods"
3183,マイナス,,noun,minus
3184,ラーメン,,noun,Chinese noodles
3185,帽子,,noun,"hat, cap"
3186,オープン,,"noun, verb",open
3187,名古屋,,noun,Nagoya
3188,離す,,verb,"separate, divide; keep apart"
3189,数値,,noun,"numerical value; score, count"
3190,熱心,,na-adjective,"eager, enthusiastic"
3191,見直し,,noun,"review, reconsideration"
3192,盗む,,verb,steal
3193,一冊,,noun,one (book)
3194,強さ,,noun,"strength, power"
3195,紐,,noun,string; lace
3196,岩,,noun,rock
3197,ミス,,noun,mistake
3197,ミスする,,verb,make a mistake
3198,移行,,noun,shift
3198,移行する,,verb,shift
3199,味方,,noun,supporter
3199,味方する,,verb,support
3200,純粋,,na-adjective,pure; genuine
3201,転勤,,noun,transfer
3201,転勤する,,verb,be transferred
3202,ビートルズ,,noun,Beatles
3203,フライパン,,noun,frying pan
3204,一階,,noun,"first floor, ground floor"
3205,さっぱり,,adverb,not at all
3206,正面,,noun,front
3207,演劇,,noun,"drama, play"
3208,疲れ,,noun,"fatigue, exhaustion, tiredness"
3209,経緯,,noun,"details, process"
3210,探る,,verb,fumble; probe
3211,数学,,noun,mathematics
3212,関わり,,noun,"relation, connection"
3213,英国,,noun,"United Kingdom, Britain"
3214,巻き込む,,verb,involve
3215,退院,,noun,leaving hospital
3215,退院する,,verb,be discharged from hospital
3216,覚え,,noun,memory
3217,優秀,,na-adjective,excellent
3218,リラックス,,"noun, verb",relax
3219,施策,,noun,"policy, measure"
3220,瞳,,noun,pupil; eye
3221,二十七日,,noun,twenty-seventh (date); twenty-seven days
3222,権限,,noun,"authority, power"
3223,十七,,numeral,seventeen
3224,展示,,noun,"display, exhibition"
3224,展示する,,verb,"display, exhibit"
3225,三歳,,noun,three years old
3226,朝食,,noun,breakfast
3227,診断,,noun,diagnosis
3227,診断する,,verb,diagnose
3228,ご免,,noun,"pardon, sorry [to decline]"
3229,缶詰,,noun,canned food
3230,こしょう,,noun,pepper
3231,潰れる,,verb,be crushed; go bankrupt; become useless
3232,海岸,,noun,"seashore, seaside"
3233,領域,,noun,"territory, field"
3234,出版,,noun,publication
3234,出版する,,verb,publish
3235,映画館,,noun,"movie theater, cinema"
3236,気温,,noun,temperature
3237,由来,,noun,"origin, history"
3237,由来する,,verb,originate
3238,引き起こす,,verb,"raise up, cause"
3239,筋,,noun,tendon; line; reason
3240,ガラス,,noun,glass
3241,同意,,noun,"agreement, consent"
3241,同意する,,verb,agree
3242,土日,,noun,Saturday and Sunday
3243,認定,,noun,authorization
3243,認定する,,verb,authorize
3244,おもちゃ,,noun,toy
3245,島,とう,noun,island
3246,丘,,noun,hill
3247,二年間,,noun,two years
3248,メディア,,noun,media
3249,一台,,noun,one (machine/vehicle)
3250,翌年,,noun,"the next year, the following year"
3251,酸素,,noun,oxygen
3252,よし,,interjection,"All right!, Good!"
3253,いまや,,adverb,now
3254,贅沢,,noun,luxury
3254,贅沢,,na-adjective,luxurious
3255,金融機関,,noun,financial institution
3256,百円,,noun,one hundred yen
3257,黄色,,noun,yellow
3258,制定,,noun,enactment
3258,制定する,,verb,enact
3259,文書,,noun,document; writing
3260,初期,,noun,"early days, initial stage"
3261,ぬれる,,verb,get wet
3262,はがき,,noun,postcard
3263,巨人,,noun,giant
3264,俺達,,noun,we (used by male speakers)
3265,苦痛,,noun,pain
3266,パワー,,noun,power
3267,いかなる,,adnominal,"what kind of, any"
3268,あちこち,,pronoun,"here and there, everywhere"
3269,実力,,noun,real ability
3270,面する,,verb,face
3271,もったいない,,i-adjective,wasteful; too good
3272,港,,noun,"harbour, port"
3273,片方,,noun,one side; the other one
3274,最悪,,na-adjective,worst
3275,ぎりぎり,,adverb,barely
3276,二十九日,,noun,twenty-ninth (date); twenty-nine days
3277,市販,,noun,on the market
3277,市販する,,verb,market
3278,この世,,noun,this world
3279,片手,,noun,one hand
3280,サイン,,noun,"signature, autograph"
3280,サインする,,verb,sign
3281,キリスト教,,noun,Christianity
3282,年寄り,,noun,old people
3283,気軽,,na-adjective,"light-hearted, feel free"
3284,鳴く,,verb,"cry, sing"
3285,呼吸,,noun,breath
3285,呼吸する,,verb,breathe
3286,コーナー,,noun,corner
3287,徒歩,,noun,"on foot, walk"
3288,延長,,noun,extension
3288,延長する,,verb,extend
3289,眠い,,i-adjective,sleepy
3290,厚い,,i-adjective,thick; kind; abundant
3291,二千二年,,noun,2002 (year)
3292,中小企業,,noun,small and medium-sized enterprises
3293,浅草,,noun,Asakusa (place name)
3294,完璧,,na-adjective,perfect
3295,傷付ける,,verb,hurt; damage
3296,とく,,"noun, adj.",[shortened form of “teoku”]
3297,あご,,noun,"jaw, chin"
3298,紅葉,,noun,autumn leaves
3298,紅葉する,,verb,put on fall colors
3299,では,,particle,in; on; as for
3300,信仰,,noun,religious faith
3300,信仰する,,verb,believe
3301,ねた,,noun,material; ingredient
3302,雇う,,verb,"employ, hire"
3303,雄,,noun,male animal
3304,欧米,,noun,Europe and America
3305,運用,,noun,making use of
3305,運用する,,verb,manage
3306,酢,,noun,vinegar
3307,半ば,,noun,"half, middle"
3307,半ば,,adverb,partly
3308,印象的,,na-adjective,impressive
3309,権力,,noun,"power, authority"
3310,拒否,,noun,refusal
3310,拒否する,,verb,"refuse, reject"
3311,空く,すく,verb,"become empty, be free; get hungry"
3312,ビジネス,,noun,business
3313,幅広い,,i-adjective,"wide, broad"
3314,アイデア,,noun,idea
3315,十二時,,noun,twelve o’clock
3316,ベトナム,,noun,Vietnam
3317,落札,,noun,successful bid
3317,落札する,,verb,make a successful bid
3318,出場,,noun,participation
3318,出場する,,verb,participate
3319,だます,,verb,"cheat, trick, deceive"
3320,片付ける,,verb,"put in order, tidy; clear away; finish"
3321,組み合わせる,,verb,"combine, put together, match"
3322,むろん,,adverb,of course
3323,雇用,,noun,employment
3323,雇用する,,verb,employ
3324,乗り越える,,verb,climb over; overcome
3325,休日,,noun,"holiday, day off"
3326,寝袋,,noun,sleeping bag
3327,疑い,,noun,"doubt, suspicion"
3328,引き出す,,verb,"pull out, bring out; withdraw"
3329,折,,noun,"occasion, opportunity"
3330,印刷,,noun,printing
3330,印刷する,,verb,print
3331,こなす,,verb,cope with; finish
3332,パチンコ,,noun,"pachinko, Japanese pinball"
3333,導く,,verb,"guide, lead"
3334,中止,,noun,cancellation
3334,中止する,,verb,"cancel, call off"
3335,連続,,noun,"continuation, succession"
3335,連続する,,verb,continue
3336,折る,,verb,break; fold; bend
3337,関西,,noun,Kansai region
3338,単語,,noun,word
3339,曖昧,,na-adjective,"vague, ambiguous"
3340,死体,,noun,dead body
3341,アフリカ,,noun,Africa
3342,なくてはならない,,compound,must
3343,幸福,,noun,happiness
3344,説得,,noun,persuasion
3344,説得する,,verb,persuade
3345,籠もる,,verb,shut oneself up; be full of
3346,レッスン,,noun,lesson
3347,放置,,noun,leaving something as it is
3347,放置する,,verb,neglect
3348,危機,,noun,"crisis, critical moment"
3349,アーティスト,,noun,artist
3350,子達,,noun,children
3351,編集,,noun,editing
3351,編集する,,verb,edit
3352,くっ付く,,verb,"stick, keep close; go out"
3353,取り付ける,,verb,"install, arrange"
3354,原稿,,noun,"manuscript, draft"
3355,象徴,,noun,symbol
3355,象徴する,,verb,symbolize
3356,説く,,verb,explain; preach; persuade
3357,服装,,noun,"clothes, dress"
3358,見学,,noun,"studying by observation, field trip"
3358,見学する,,verb,"visit for study, go on a field trip"
3359,六人,,noun,six people
3360,中野,,noun,Nakano (place name)
3361,応募,,noun,application
3361,応募する,,verb,apply for
3362,ラッキー,,na-adjective,lucky
3363,二回目,,noun,second time
3364,棒,,noun,"stick, pole, bar"
3365,こととなる,,auxiliary,it has been decided that
3366,固定,,noun,fixing
3366,固定する,,verb,fix
3367,告白,,noun,confession
3367,告白する,,verb,confess
3368,圧倒的,,na-adjective,overwhelming
3369,策定,,noun,settling on
3369,策定する,,verb,settle on
3370,矛盾,,noun,"contradiction, conflict"
3370,矛盾する,,verb,contradict
3371,引き取る,,verb,"take back, collect; leave"
3372,保証,,noun,guarantee
3372,保証する,,verb,guarantee
3373,団地,,noun,housing development
3374,会長,,noun,"president, chairperson"
3375,利点,,noun,advantage
3376,ジャンル,,noun,"genre, category"
3377,縦,,noun,length; height; vertical
3378,隙間,,noun,"crevice, opening, gap"
3379,歴史的,,na-adjective,"historical, historic"
3380,羨ましい,,i-adjective,envious; enviable
3381,ガス,,noun,gas
3382,ウイルス,,noun,virus
3383,公表,,noun,publication
3383,公表する,,verb,make public
3384,二千一年,,noun,2001 (year)
3385,古く,,noun,ancient times
3385,古く,,adverb,anciently
3386,潜る,もぐる,verb,dive; go underground
3387,一万円,,noun,ten thousand yen
3388,意義,,noun,"meaning, significance"
3389,憧れる,,verb,long for; admire
3390,前向き,,na-adjective,facing forward; positive
3391,ゆったり,,adverb,comfortably; calm; loose
3392,漏れる,,verb,"leak, escape; be omitted"
3393,品物,,noun,"goods, article"
3394,前述,,"noun, verb","above-mentioned, mentioned above"
3395,あら,,interjection,Oh! (used by female speakers)
3396,OS (OS),,noun,operating system
3397,まとも,,na-adjective,direct; honest; proper
3398,入手,,noun,acquisition
3398,入手する,,verb,"get, obtain"
3399,二十代,,noun,twenties
3400,孤独,,na-adjective,lonely
3401,平等,,noun,equality
3401,平等,,na-adjective,equal
3402,崩す,,verb,destroy; put into disorder; change
3403,競馬,,noun,horse racing
3404,格好良い,,i-adjective,"cool, good-looking"
3405,交わす,,verb,exchange
3406,伝統的,,na-adjective,traditional
3407,パーティー,,noun,party
3408,役目,,noun,"duty, role"
3409,通知,,noun,"notice, notification"
3409,通知する,,verb,notify
3410,要望,,noun,demand
3410,要望する,,verb,make demands
3411,をめぐる,,compound,"over, concerning"
3412,営む,,verb,run a business; engage in; hold a ceremony
3413,パート,,noun,part; part-time
3414,手のひら,,noun,palm of the hand
3415,地上,,noun,ground
3416,踊り,,noun,dance
3417,押し付ける,,verb,"press against, force"
3418,溶ける,,verb,"melt, thaw; dissolve"
3419,奇妙,,na-adjective,"strange, odd"
3420,最中,,noun,in the middle of
3421,定着,,noun,fixing
3421,定着する,,verb,fix; become established
3422,依然,,adverb,"still, as before"
3423,素早い,,i-adjective,quick
3424,そこらへん,,noun,around there; such a matter
3425,有利,,na-adjective,"profitable, advantageous"
3426,水準,,noun,"standard, level"
3427,じっくり,,adverb,"without haste, deliberately"
3428,首相,,noun,prime minister
3429,レコード,,noun,record
3430,際に,,particle,when
3431,滅多,,na-adjective,"rash, thoughtless; seldom"
3432,機関,,noun,engine; organization; facilities
3433,手作り,,noun,"handmade, homemade"
3434,提示,,noun,presentation
3434,提示する,,verb,present
3435,エジプト,,noun,Egypt
3436,下町,,noun,Shitamachi (place name); traditional working-class neighborhood
3437,ううん,,interjection,no; well
3438,優先,,noun,priority
3438,優先する,,verb,have priority
3439,大部分,,noun,majority
3439,大部分,,adverb,mostly
3440,戦前,,noun,pre-war
3441,制作,,noun,production
3441,制作する,,verb,produce
3442,いい加減,,na-adjective,"irresponsible, groundless"
3443,後者,,noun,the latter
3444,五十,,numeral,fifty
3445,入り込む,,verb,go into; come into
3446,シャワー,,noun,shower
3447,栗,,noun,chestnut
3448,札幌,,noun,Sapporo
3449,主体,,noun,main constituent; subject
3450,家内,,noun,one’s family; my wife
3451,看板,,noun,"signboard, billboard; attraction"
3452,将棋,,noun,"shogi, Japanese chess"
3453,家事,,noun,housework
3454,捕まる,,verb,"be caught, be arrested; hold"
3455,他方,,noun,the other side
3456,交通事故,,noun,traffic accident
3457,手順,,noun,"order, process, plan"
3458,コスト,,noun,cost
3459,余る,,verb,be left over; be too many
3460,輪,わ,noun,"circle, ring; loop"
3461,ならびに,,conjunction,"and, both . . . and"
3462,男達,,noun,men
3463,地名,,noun,place name
3464,合意,,noun,mutual agreement
3464,合意する,,verb,agree
3465,大手,,noun,major companies
3466,本番,,noun,performance
3467,同僚,,noun,colleague
3468,楽しさ,,noun,"pleasure, charm"
3469,丈夫,じょうぶ,na-adjective,strong; healthy
3470,技,,noun,"skill, technique, trick"
3471,たちまち,,adverb,"in a moment, at once; suddenly"
3472,仕上げる,,verb,"finish, complete"
3473,回収,,noun,collection
3473,回収する,,verb,collect
3474,再生,,noun,rebirth
3474,再生する,,verb,regenerate
3475,わがまま,,na-adjective,"selfish, disobedient"
3475,わがまま,,noun,selfishness
3476,小さじ,,noun,teaspoon
3477,コントロール,,noun,control
3477,コントロールする,,verb,control
3478,深夜,,noun,middle of the night
3479,なおかつ,,adverb,"besides, and yet"
3480,活発,,na-adjective,"lively, active; brisk"
3481,芸術,,noun,art
3482,ブラジル,,noun,Brazil
3483,施行,,noun,enforcement
3483,施行する,,verb,enforce
3484,チーズ,,noun,cheese
3485,教え,,noun,"teaching, lesson, doctrine"
3486,追及,,noun,pursuit
3486,追及する,,verb,pursue the question
3487,今月,,noun,this month
3488,仙台,,noun,Sendai
3489,特許,,noun,patent
3490,株式,,noun,"stock, shares"
3491,労働,,noun,"work, labor"
3491,労働する,,verb,"work, labor"
3492,カフェ,,noun,café
3493,シンプル,,na-adjective,simple
3494,規則,,noun,"rule, regulation"
3495,客観的,,na-adjective,objective
3496,帰宅,,noun,coming home
3496,帰宅する,,verb,come home
3497,つくづく,,adverb,"thoroughly, deeply, carefully"
3498,一つ目,,noun,first
3499,汚染,,noun,pollution
3499,汚染する,,verb,pollute
3500,転換,,noun,conversion
3500,転換する,,verb,"convert, change"
3501,たんぱく質,,noun,protein
3502,Eメール,,noun,e-mail
3503,予防,,noun,prevention
3503,予防する,,verb,prevent
3504,頬,,noun,cheek
3505,面積,,noun,"area, size"
3506,大正,,noun,Taisho era
3507,固める,,verb,"make something hard, strengthen"
3508,反する,,verb,"go against, be contrary"
3509,振るう,,verb,"flourish, prosper"
3510,宣言,,noun,declaration
3510,宣言する,,verb,declare
3511,直後,,noun,"immediately after, just after"
3512,ねえ,,interjection,hey
3513,せいぜい,,adverb,at most
3514,特性,,noun,"character, property"
3515,解散,,noun,dissolution
3515,解散する,,verb,"dissolve, break up"
3516,貧しい,,i-adjective,poor
3517,回転,,noun,revolution
3517,回転する,,verb,"revolve, turn round, spin"
3518,マナー,,noun,manners
3519,いちいち,,adverb,one by one; everything
3520,政令,,noun,government ordinance
3521,王様,,noun,king
3522,折れる,,verb,break
3523,竹,,noun,bamboo
3524,暴力,,noun,violence
3525,えび,,noun,"prawn, shrimp"
3526,担任,,noun,class teacher
3527,角度,,noun,angle
3528,革命,,noun,revolution
3529,合宿,,noun,training camp
3529,合宿する,,verb,stay together in a camp
3530,後輩,,noun,one’s junior
3531,一連,,noun,"course of, series of"
3532,自動的,,na-adjective,automatic
3533,郵便局,,noun,post office
3534,概要,,noun,"outline, summary"
3535,ローマ,,noun,Rome
3536,にわたる,,compound,"ranging, covering"
3537,体制,,noun,"system, structure"
3538,セックス,,noun,sex
3538,セックスする,,verb,have sex
3539,上記,,noun,"the above, above-mentioned"
3540,何時,,noun,what time
3541,親友,,noun,"best friend, close friend"
3542,お袋,,noun,mother
3543,所有,,noun,ownership
3543,所有する,,verb,own
3544,進出,,noun,advance
3544,進出する,,verb,launch into
3545,大げさ,,na-adjective,exaggerated
3546,測定,,noun,measurement
3546,測定する,,verb,measure
3547,そこそこ,,adverb,about; in a hurry; all right
3548,論ずる,,verb,"argue, discuss"
3549,家賃,,noun,rent
3550,蛇,,noun,snake
3551,自身,,noun,oneself
3552,譲る,,verb,give; sell; offer
3553,修理,,noun,repair
3553,修理する,,verb,repair
3554,遡る,,verb,go back; be retroactive
3555,加工,,noun,processing
3555,加工する,,verb,process
3556,鶏,,noun,chicken; baby bird
3557,保護者,,noun,protector
3558,いえ,,interjection,no
3559,施す,,verb,"give, do, apply, add"
3560,人材,,noun,talent
3561,かすか,,na-adjective,"a few, a little"
3562,取り込む,,verb,take in
3563,排除,,noun,removal
3563,排除する,,verb,remove
3564,育成,,noun,cultivation
3564,育成する,,verb,"bring up, cultivate, mold"
3565,移転,,noun,move
3565,移転する,,verb,move
3566,動機,,noun,motive
3567,兼ねる,,verb,combine; serve both
3568,ネットワーク,,noun,network
3569,自立,,noun,independence
3569,自立する,,verb,be independent
3570,ハムスター,,noun,hamster
3571,でかい,,i-adjective,"big, huge"
3572,下す,,verb,"give, issue; make a decision"
3573,やたら,,adverb,"freely, thoughtlessly"
3574,二十五,,numeral,twenty-five
3575,黄色い,,i-adjective,yellow
3576,確率,,noun,probability
3577,ペース,,noun,pace
3578,大統領,,noun,President
3579,スムーズ,,na-adjective,smooth
3580,欠点,,noun,"fault, defect; drawback, weak point"
3581,適正,,na-adjective,"appropriate, proper, reasonable"
3582,千葉,,noun,Chiba
3583,望ましい,,i-adjective,desirable
3584,鳴らす,,verb,ring
3585,ブランド,,noun,brand
3586,学問,,noun,"study, learning"
3587,共同,,noun,cooperation; common
3588,取り除く,,verb,remove
3589,不可欠,,na-adjective,indispensable
3590,十九,,numeral,nineteen
3591,神奈川県,,noun,Kanagawa Prefecture
3592,二十二,,numeral,twenty-two
3593,ばれる,,verb,"come out, be discovered"
3594,乗り込む,,verb,"board, get into"
3595,欠かせる,,verb,cause to lack
3596,窓口,,noun,"window, counter"
3597,収穫,,noun,harvest
3597,収穫する,,verb,harvest
3598,バラ,,noun,rose
3599,血管,,noun,blood vessel
3600,方言,,noun,dialect
3601,時間帯,,noun,"time (period), time zone"
3602,全体的,,na-adjective,"whole, overall"
3603,割れる,,verb,split; break
3604,抽選,,noun,lottery
3604,抽選する,,verb,draw lots
3605,手法,,noun,"technique, method"
3606,肉体,,noun,body
3607,生き生き,,adverb,"lively, fresh"
3608,狂う,,verb,go mad
3609,一口,,noun,"bite, sip, mouthful"
3610,協議,,noun,"consultation, discussion"
3610,協議する,,verb,"consult, discuss"
3611,重要性,,noun,importance
3612,発酵,,noun,fermentation
3612,発酵する,,verb,ferment
3613,繰り返し,,noun,repetition
3614,入札,,noun,"bid, tender"
3614,入札する,,verb,"bid, tender"
3615,覚める,,verb,wake up
3616,ベスト,,noun,best; vest
3617,羽根,,noun,wing; feather
3618,背負う,,verb,carry something on one’s back
3619,いつか,,adverb,someday
3620,次回,,noun,next time
3621,基盤,,noun,"base, basis"
3622,丸,,noun,"circle, ring"
3623,感染,,noun,infection
3623,感染する,,verb,"contract, catch, be infected"
3624,尊重,,noun,respect
3624,尊重する,,verb,give something serious consideration
3625,オフィス,,noun,office
3626,否,,noun,no
3627,素人,,noun,"amateur, beginner"
3628,十七歳,,noun,seventeen years old
3629,一環,,noun,part of
3630,洗濯,,noun,washing
3630,洗濯する,,verb,wash
3631,争う,,verb,compete
3632,一時的,,na-adjective,temporary
3633,観光客,,noun,tourist
3634,主要,,na-adjective,"major, main"
3635,魅力的,,na-adjective,"charming, attractive"
3636,外側,,noun,outside
3637,勘違いする,,verb,"misunderstand, mistake"
3638,この間,,noun,"adv. a few days ago; recently, lately"
3639,臭い,,i-adjective,smelly
3640,手元,,noun,"at hand, with one"
3641,食,,noun,"meal, diet"
3642,ため息,,noun,sigh
3643,急激,,na-adjective,sudden; drastic
3644,お仕舞い,,noun,"end, be all up with"
3645,修正,,noun,revision
3645,修正する,,verb,revise
3646,たいして,,adverb,(not) very much
3647,インタビュー,,noun,interview
3647,インタビューする,,verb,interview
3648,同級生,,noun,schoolmate
3649,受け継ぐ,,verb,inherit
3650,重さ,,noun,weight
3651,町作り,,noun,town development
3652,削減,,noun,"cut, reduction"
3652,削減する,,verb,"cut, slash"
3653,顧客,,noun,customer
3654,爆発,,noun,explosion
3654,爆発する,,verb,explode
3655,スイス,,noun,Switzerland
3656,うかがう,,verb,"peep, peer; watch for (the chance)"
3657,軍隊,,noun,"army, troops"
3658,そいつ,,noun,that guy
3659,試みる,,verb,try
3660,決心,,noun,resolution
3660,決心する,,verb,decide
3661,所得,,noun,income
3662,難い,,suffix,hard to ...
3663,リーダー,,noun,leader
3664,調理,,noun,cooking
3664,調理する,,verb,cook
3665,地区,,noun,area
3666,家具,,noun,furniture
3667,自治体,,noun,municipality
3668,剣,,noun,sword
3669,介護保険,,noun,nursing care insurance
3670,キス,,noun,kiss
3670,キスする,,verb,kiss
3671,不況,,noun,recession
3672,松,,noun,pine
3673,停止,,noun,"stop, suspension"
3673,停止する,,verb,"stop, suspend"
3674,古代,,noun,ancient times
3675,四十,,numeral,forty
3676,シリーズ,,noun,series
3677,食生活,,noun,eating habits
3678,申し込む,,verb,apply
3679,デビュー,,noun,debut
3679,デビューする,,verb,make one’s debut
3680,足る,,verb,be enough; deserve
3681,四十年,,noun,forty years
3682,思い込む,,verb,be obsessed with the idea
3683,予備校,,noun,cram school preparing for university entrance examinations
3684,膨大,,na-adjective,enormous
3685,統一,,noun,unity
3685,統一する,,verb,unify
3686,寿命,,noun,life expectancy
3687,根本的,,na-adjective,"fundamental, basic"
3688,幕府,,noun,shogunate
3689,苦しみ,,noun,"suffering, agony"
3690,要件,,noun,important matter; requirement
3691,図表,,noun,chart
3692,逃れる,,verb,escape
3693,反対側,,noun,opposite side
3694,プロジェクト,,noun,project
3695,励ます,,verb,"cheer up, encourage"
3696,存ずる,,verb,know
3697,辞書,,noun,dictionary
3698,中国語,,noun,Chinese (language)
3699,までもない,,compound,needless
3700,カラス,,noun,crow
3701,問い,,noun,question
3702,派手,,na-adjective,"flamboyant, flashy"
3703,DVD (DVD),,noun,DVD
3704,発明,,noun,invention
3704,発明する,,verb,invent
3705,大学時代,,noun,"college days, university days"
3706,干す,,verb,dry
3707,披露宴,,noun,wedding reception
3708,気候,,noun,climate
3709,非難,,noun,criticism
3709,非難する,,verb,criticize
3710,唱える,,verb,recite; advocate
3711,作者,,noun,author
3712,助け,,noun,"help, assistance"
3713,に比べて,,compound,compared to
3714,関東,,noun,Kanto region
3715,なめる,,verb,lick; suck
3716,不明,,"na-adjective, noun","unknown, unidentified"
3717,スケジュール,,noun,schedule
3718,差し出す,,verb,hold out
3719,外部,,noun,outside
3720,ネズミ,,noun,rat; mouse
3721,ニーズ,,noun,needs
3722,現金,,noun,cash
3723,彼女達,,noun,they (female)
3724,故郷,こきょう,noun,home town
3725,畳,たたみ,noun,tatami mat
3726,がっかりする,,verb,be disappointed
3727,しも,,particle,EMPHASIS (Classical)
3728,福祉,,noun,welfare
3729,上下,じょうげ,noun,up and down
3730,汚れ,,noun,dirt
3731,書き込む,,verb,"write in, jot down"
3732,栽培,,noun,cultivation
3732,栽培する,,verb,cultivate
3733,視野,,noun,"perspective, view"
3734,隅,,noun,corner
3735,保障,,noun,guarantee
3735,保障する,,verb,guarantee
3736,三十代,,noun,thirties
3737,バック,,noun,"back, background"
3737,バックする,,verb,"reverse, back"
3738,一斉,,noun,all at once
3739,お盆,,noun,"Bon Festival, Obon"
3740,審査,,noun,examination
3740,審査する,,verb,examine
3741,ゆとり,,noun,have something to spare
3742,打ち込む,,verb,devote oneself
3743,福岡,,noun,Fukuoka
3744,通勤,,noun,commute
3744,通勤する,,verb,commute
3745,準用,,"noun, verb","apply mutatis mutandis, with necessary modification"
3746,右側,,noun,right side
3747,推測,,noun,"assumption, guess"
3747,推測する,,verb,"guess, presume"
3748,ライン,,noun,line
3749,預かる,,verb,"keep, look after"
3750,美術館,,noun,"art gallery, museum of art"
3751,二個,,noun,"two (pieces, things)"
3752,冷やす,,verb,"keep cool, cool"
3753,仏教,,noun,Buddhism
3754,接触,,noun,"touch, contact"
3754,接触する,,verb,touch
3755,意欲,,noun,"will, motivation"
3756,本音,,noun,true feeling; truth
3757,二種類,,noun,two kinds
3758,主役,,noun,main character
3759,次男,,noun,second son
3760,多々,,adverb,many
3761,定期的,,na-adjective,regular
3762,しめる,,auxiliary,(Classical)
3763,通り過ぎる,,verb,"pass, go past"
3764,スーツ,,noun,suit
3765,形式,,noun,form
3766,ピンク,,noun,pink
3767,七年,,noun,seven years
3768,生きがい,,noun,"pupose in life, something to live for"
3769,にぎやか,,na-adjective,"busy, bustling"
3770,結成,,noun,formation
3770,結成する,,verb,"form, organize"
3771,研究者,,noun,researcher
3772,名付ける,,verb,name
3773,信号,,noun,"traffic light, signal"
3774,就職活動,,noun,job-hunting
3774,就職活動する,,verb,look for a job
3775,捜査,,noun,criminal investigation
3775,捜査する,,verb,investigate
3776,現に,,adverb,"as a matter of fact, actually"
3777,黒人,,noun,black person
3778,事柄,,noun,"matter, issue"
3779,早く,,noun,"early, soon"
3780,速度,,noun,speed
3781,奥様,,noun,wife (honorific)
3782,まれ,,na-adjective,rare
3783,じゃが芋,,noun,potato
3784,数多く,,adverb,"many, a number of"
3785,ひそか,,na-adjective,"secret, confidential"
3785,ひそか,,adverb,secretly
3786,照らす,,verb,light
3787,ミュージカル,,noun,musical
3788,怪しい,,i-adjective,eerie; doubtful
3789,友,,noun,friend
3790,傾ける,,verb,"tilt, incline"
3791,鉛筆,,noun,pencil
3792,判決,,noun,decision
3792,判決する,,verb,decide
3793,マラソン,,noun,marathon
3794,広さ,,noun,area; width; extent
3795,リスト,,noun,list
3796,振り向く,,verb,"look around, turn around"
3797,二歳,,noun,two years old
3798,関与,,noun,participation
3798,関与する,,verb,participate
3799,遂げる,,verb,achieve
3800,二十人,,noun,twenty people
3801,タオル,,noun,towel
3802,一泊,,noun,one night stay
3803,ごちそう,,noun,feast
3803,ごちそうする,,verb,"give a dinner, treat"
3804,的確,,na-adjective,"precise, exact"
3805,運転手,,noun,driver
3806,各種,,noun,"various, all sorts of"
3807,録音,,noun,record
3807,録音する,,verb,record
3808,沈黙,,noun,silence
3808,沈黙する,,verb,be silent
3809,再度,,adverb,"twice, again"
3810,以後,,adverb,"after this, since then"
3811,熊,,noun,bear
3812,八王子,,noun,Hachioji (place name)
3813,贈る,,verb,"give (as a present), send"
3814,林,,noun,"grove, forest, wood"
3815,懸念,,noun,fear
3815,懸念する,,verb,fear
3816,燃やす,,verb,burn
3817,枠,,noun,frame
3818,児童,,noun,pupil
3819,真っ白,,na-adjective,pure white
3820,さっと,,adverb,quickly
3821,定年,,noun,retirement
3821,定年する,,verb,retire
3822,育児,,noun,childcare
3822,育児する,,verb,take care of a child
3823,蹴る,,verb,kick
3824,蜂蜜,,noun,honey
3825,度々,,adverb,often
3826,完了,,noun,complete
3826,完了する,,verb,complete
3827,二十三,,numeral,twenty-three
3828,通訳,,noun,interpreter
3829,飼い主,,noun,pet owner
3830,傍ら,,noun,"side, besides"
3831,宣伝,,noun,advertisement
3831,宣伝する,,verb,advertise
3832,室内,,noun,indoor
3833,会員,,noun,member
3834,思考,,noun,thought
3834,思考する,,verb,think
3835,衣装,,noun,costume
3836,足す,,verb,add
3837,シャツ,,noun,shirt
3838,イラク,,noun,Iraq
3839,取り扱う,,verb,"handle, treat"
3840,わざと,,adverb,intentionally
3841,前年度,,noun,preceding year
3842,新郎,,noun,"groom, bridegroom"
3843,幹部,,noun,executive
3844,シェア,,noun,share
3844,シェアする,,verb,share
3845,ガソリン,,noun,"gasoline, petrol"
3846,記念,,noun,commemoration
3846,記念する,,verb,commemorate
3847,強烈,,na-adjective,"strong, intense"
3848,俳句,,noun,haiku (Japanese poem of seventeen syllables)
3849,特色,,noun,"characteristic, feature"
3850,引退,,noun,retirement
3850,引退する,,verb,retire
3851,飲み物,,noun,drink
3852,いいえ,,interjection,no
3853,部,,noun,"division, department, section; club"
3854,オランダ,,noun,Netherlands
3855,華やか,,na-adjective,gorgeous
3856,高価,,na-adjective,expensive
3857,なじむ,,verb,become accustomed
3858,誇る,,verb,"be proud, boast"
3859,左側,,noun,"left, left side"
3860,浮気,,noun,affair
3861,デート,,noun,date
3861,デートする,,verb,date
3862,抑制,,noun,"control, restraint"
3862,抑制する,,verb,"control, restrain"
3863,好奇心,,noun,curiosity
3864,公務員,,noun,"civil servant, government employee"
3865,列,,noun,line
3866,ソファー,,noun,sofa
3867,初日,,noun,first day
3868,プロセス,,noun,process
3869,郊外,,noun,suburb
3870,六十,,numeral,sixty
3871,痛む,,verb,"ache, hurt, pain"
3872,自衛隊,,noun,Self-Defense Forces
3873,尽きる,,verb,run out
3874,国連,,noun,United Nations
3875,手軽,,na-adjective,light; simple; reasonable
3876,町並み,,noun,"street, row of town houses"
3877,推定,,noun,"presumption, estimation"
3877,推定する,,verb,"presume, estimate"
3878,ちまう,,auxiliary,do something completely
3879,文部省,,noun,"Ministry of Education, Culture, Sports"
3880,結びつける,,verb,"connect, tie, bind"
3881,例外,,noun,exception
3882,プロ野球,,noun,professional baseball
3883,二枚,,noun,two (sheets)
3884,まさしく,,adverb,"surely, exactly"
3885,変わり,,noun,change
3886,用事,,noun,business
3887,効率,,noun,efficiency
3888,クリア,,noun,"clearing, clearance"
3888,クリア,,na-adjective,clear
3888,クリアする,,verb,clear
3889,だけど,,conjunction,"but, however"
3890,財布,,noun,wallet
3891,徹底的,,na-adjective,"thorough, complete"
3892,直面,,noun,confrontation
3892,直面する,,verb,"confront, face"
3893,己,,noun,oneself (first person pronoun)
3894,目安,,noun,"standard, criterion"
3895,目覚める,,verb,wake up
3896,等しい,,i-adjective,equal
3897,休憩,,noun,"rest, break"
3897,休憩する,,verb,take a rest
3898,一日中,,noun,all day
3899,有無,,noun,"existence, presence"
3900,HP (HP),,noun,home page
3901,不要,,na-adjective,unnecessary
3902,猿,,noun,monkey
3903,従事,,noun,engagement in
3903,従事する,,verb,be engaged in
3904,蓄積,,noun,"storage, accumulation"
3904,蓄積する,,verb,"store, accumulate"
3905,よみがえる,,verb,"revive, come back"
3906,年賀状,,noun,New Year’s card
3907,バブル,,noun,bubble
3908,毎朝,,adverb,every morning
3908,毎朝,,noun,every morning
3909,地味,,na-adjective,simple
3910,文学,,noun,literature
3911,Tシャツ,,noun,T-shirt
3912,放る,,verb,throw; leave something undone
3913,攻める,,verb,attack
3914,位置付ける,,verb,rank; evaluate
3915,四回,,noun,four times
3916,マーク,,noun,mark
3917,アルコール,,noun,alcohol
3918,優しさ,,noun,kindness
3919,漠然,,adverb,"vague, obscure"
3920,偉大,,na-adjective,"great, grand"
3921,脂肪,,noun,fat
3922,言い出す,,verb,"propose, suggest"
3923,青,,noun,blue
3924,キーワード,,noun,keyword
3925,ベランダ,,noun,"porch, balcony"
3926,炎,,noun,flame
3927,交付,,noun,issue
3927,交付する,,verb,"issue, grant"
3928,証言,,noun,evidence
3928,証言する,,verb,give testimony
3929,敏感,,na-adjective,sensitive
3930,鮮やか,,na-adjective,"vivid, lively; skillful"
3931,解明,,noun,clarification
3931,解明する,,verb,solve
3932,方式,,noun,method
3933,瓶,,noun,bottle
3934,そっくり,,na-adjective,"resembling, just like"
3934,そっくり,,adverb,altogether
3935,縛る,,verb,"bind, tie"
3936,実情,,noun,"case, actual situation"
3937,円,,noun,yen; circle
3938,化粧,,noun,makeup
3938,化粧する,,verb,put on makeup
3939,二十四,,numeral,twenty-four
3940,数々,,noun,"many, numerous"
3941,持参,,noun,"bringing, taking"
3941,持参する,,verb,"bring, take"
3942,引用,,noun,quotation
3942,引用する,,verb,quote
3943,同期,,noun,"same period, same class"
3944,健全,,na-adjective,healthy
3945,西洋,,noun,the West
3946,プレッシャー,,noun,pressure
3947,赤ん坊,,noun,baby
3948,打ち合わせ,,noun,meeting
3949,欲望,,noun,"desire, passion"
3950,軍,,noun,army
3951,パス,,noun,pass
3951,パスする,,verb,pass
3952,頼り,,noun,"support, dependence"
3953,扱い,,noun,treatment
3954,本質,,noun,"nature, essence"
3955,市役所,,noun,city hall
3956,車両,,noun,"car, carriage"
3957,株価,,noun,stock prices
3958,昼食,,noun,lunch
3959,注射,,noun,injection
3960,臨む,,verb,face
3961,職,,noun,"job, work"
3962,見た目,,noun,"appearance, looks"
3963,アピール,,noun,appeal
3963,アピールする,,verb,appeal
3964,三分の一,,"noun, numeral",one-third
3965,全国的,,na-adjective,nationwide
3966,豚,,noun,pig
3967,資本,,noun,capital
3968,思いやり,,noun,consideration
3969,見通し,,noun,"prospect, outlook"
3970,十二年,,noun,twelve years
3971,きっちり,,adverb,tightly
3972,砂漠,,noun,desert
3973,エレベーター,,noun,elevator
3974,浅い,,i-adjective,shallow
3975,カバー,,noun,cover
3976,交代,,noun,"change, shift"
3976,交代する,,verb,take turns
3977,資源,,noun,resource
3978,現実的,,na-adjective,realistic
3979,苦笑,,verb,wry smile
3980,餃子,,noun,Chinese dumpling
3981,食堂,,noun,"cafeteria, dining room"
3982,もっぱら,,adverb,entirely
3983,締結,,noun,conclusion
3983,締結する,,verb,conclude
3984,裸,,noun,"naked, nude"
3985,そうこう,,adverb,in the meantime
3986,いらいらする,,verb,"be annoyed, be irritated, be impatient"
3987,収集,,noun,collection
3987,収集する,,verb,collect
3988,記者,,noun,"journalist, reporter"
3989,脱出,,noun,escape
3989,脱出する,,verb,"escape, break out"
3990,呼び出す,,verb,"call, summon"
3991,主流,,noun,mainstream
3992,さほど,,adverb,(not) particularly
3993,事務,,noun,office work
3994,付け加える,,verb,add
3995,国々,,noun,countries
3996,地球上,,noun,on the earth
3997,大企業,,noun,big business
3998,倒す,,verb,knock down
3999,写る,,verb,photograph
4000,漏らす,,verb,betray
4001,上達,,noun,improvement
4001,上達する,,verb,"improve, progress"
4002,故郷,ふるさと,noun,hometown
4003,行使,,noun,exercise
4004,表明,,noun,"expression, manifestation"
4004,表明する,,verb,"express, manifest"
4005,体育,,noun,"physical education, gymnastics"
4006,読書,,noun,reading
4007,都,みやこ,noun,capital
4008,ずれる,,verb,"be out of step, slip"
4009,通用,,noun,currency
4009,通用する,,verb,"accept, obtain"
4010,支障,,noun,obstacle
4011,カウンター,,noun,counter
4012,大規模,,na-adjective,large-scale
4013,大家さん,,noun,"landlord, owner"
4014,昨夜,,noun,last night
4015,角,かど,noun,corner
4016,ニコニコする,,verb,smile
4016,ニコニコ,,adverb,smiling
4017,三日間,,noun,three days
4018,撫でる,,verb,stroke
4019,金利,,noun,interest
4020,わくわくする,,verb,be bubbling; be excited
4021,仮定,,noun,"assumption, supposition"
4021,仮定する,,verb,"assume, suppose"
4022,引きずる,,verb,"drag, trail"
4023,バラバラ,,na-adjective,separate
4024,依存,,noun,"dependence, reliance"
4024,依存する,,verb,"depend, rely,"
4025,様,さま,noun,"Mr., Mrs., Miss., Ms."
4026,同居,,noun,"coexistence, living together"
4026,同居する,,verb,"live together, live with"
4027,スカート,,noun,skirt
4028,柄,がら,noun,"pattern, character"
4029,回数,,noun,frequency
4030,ユーザー,,noun,user
4031,筆者,,noun,"writer, author"
4032,筆,,noun,brush
4033,制約,,noun,"restriction, constraint"
4033,制約する,,verb,"restrict, constrain"
4034,絵本,,noun,picture book
4035,町中,,noun,downtown
4036,著者,,noun,"author, writer"
4037,芽,,noun,"bud, shoot"
4038,担当者,,noun,person in charge
4039,嵐,,noun,storm
4040,厚生省,,noun,Ministry of Welfare
4041,豆,,noun,"bean, pea"
4042,損,,noun,"loss, damage"
4043,肝心,,na-adjective,"main, essential, important"
4044,保育園,,noun,"nursery school, day care"
4045,ポスト,,noun,"post, postbox, mailbox"
4046,呼びかける,,verb,"call out, appeal"
4047,余談,,noun,digression
4048,凝る,,verb,"be absorbed, be devoted; become stiff"
4049,水道,,noun,water supply
4050,人形,,noun,doll
4051,狙い,,noun,"aim, target"
4052,決断,,noun,decision
4052,決断する,,verb,decide
4053,大切さ,,noun,importance
4054,よそ,,noun,"other, elsewhere"
4055,蚊,,noun,mosquito
4056,監視,,noun,observation
4056,監視する,,verb,watch
4057,同年,,noun,same year
4058,あっさり,,adverb,"easily, flatly, simple, plain"
4059,微笑む,,verb,smile
4060,駆け付ける,,verb,"run, rush"
4061,ゴール,,noun,goal
4062,三本,,noun,three (long/cylindrical objects)
4063,棚,,noun,shelf
4064,しっぽ,,noun,tail
4065,虐待,,noun,abuse
4065,虐待する,,verb,abuse
4066,然り,,verb,(Classical) to be so
4067,正常,,na-adjective,normal
4068,配布,,noun,distribution
4068,配布する,,verb,distribute
4069,持ち上げる,,verb,"lift, raise"
4070,見送る,,verb,see off
4071,引き継ぐ,,verb,take over
4072,違和感,,noun,uncomfortable feeling
4073,ジャズ,,noun,jazz
4074,次いで,,adverb,"next, after that"
4075,向き,,noun,"direction, aspect; suitable"
4076,五年間,,noun,five years
4077,安全性,,noun,"safety, security"
4078,国境,,noun,border
4079,包丁,,noun,kitchen knife
4080,キー,,noun,key
4081,どきどきする,,verb,"throb, beat fast"
4082,賑わう,,verb,be crowded with
4083,地獄,,noun,hell
4084,豪華,,na-adjective,"luxurious, gorgeous"
4085,救急車,,noun,ambulance
4086,十年間,,noun,ten years
4087,不動産,,noun,"real estate, property"
4088,広まる,,verb,"spread, get around"
4089,外出,,noun,"going out, outing"
4089,外出する,,verb,go out
4090,グラス,,noun,glass
4091,曲げる,,verb,"bend, twist"
4092,屋敷,,noun,"mansion, residence, estate"
4093,専門的,,na-adjective,"technical, academic"
4094,切り替える,,verb,"switch, change"
4095,染める,,verb,"dye, color"
4096,スキー場,,noun,"ski ground, ski resort"
4097,ヒント,,noun,"hint, clue"
4098,講義,,noun,lecture
4099,裏切る,,verb,betray
4100,余地,,noun,"room, space"
4101,富む,,verb,be rich (in); grow
4102,手書き,,noun,handwriting
4103,ブーム,,noun,boom
4104,ワールドカップ,,noun,World Cup
4105,鬼,,noun,"ogre, devil, demon"
4106,ホール,,noun,hall
4107,似合う,,verb,suit
4108,節約,,noun,"saving, economy"
4108,節約する,,verb,"save, economize on"
4109,実績,,noun,achievement
4110,訳す,,verb,translate
4111,奴ら,,noun,fellow
4112,キッチン,,noun,kitchen
4113,課する,,verb,"assign, charge, impose"
4114,養う,,verb,"bring up, keep, support"
4115,別々,,na-adjective,"separate, individual"
4116,手足,,noun,limb
4117,物価,,noun,prices
4118,部品,,noun,"parts, components"
4119,最適,,na-adjective,"best, optimum"
4120,宿題,,noun,homework
4121,氏名,,noun,name
4122,ダンス,,noun,dancing
4123,溶かす,,verb,dissolve; melt
4124,人種,,noun,race
4125,歌手,,noun,singer
4126,銀,,noun,silver
4127,ルート,,noun,route
4128,第一号,,noun,first
4129,従兄弟,,noun,cousin
4130,概ね,,adverb,"mostly, mainly, generally"
4131,往復,,noun,round trip
4132,起源,,noun,origin
4133,広場,,noun,"square, plaza"
4134,レモン,,noun,lemon
4135,円滑,,na-adjective,smooth
4136,広大,,na-adjective,"vast, huge, extensive"
4137,TV (TV),,noun,television
4138,カップル,,noun,couple
4139,納豆,,noun,fermented soybeans
4140,堂々,,adverb,"nobly, openly"
4141,肝臓,,noun,liver
4142,味わえる,,verb,"can taste, can enjoy"
4143,電源,,noun,power supply
4144,分割,,noun,division
4144,分割する,,verb,divide
4145,縮小,,noun,reduction
4145,縮小する,,verb,reduce
4146,練る,,verb,knead; polish; elaborate
4147,飲み込む,,verb,swallow
4148,職人,,noun,"craftsman, workman"
4149,十三年,,noun,thirteen years
4150,キャラクター,,noun,character
4151,大地,,noun,"earth, ground"
4152,具,,noun,ingredient
4153,戸惑う,,verb,"confuse, puzzle"
4154,寂しさ,,noun,loneliness
4155,吐く,つく,verb,tell (a lie); sigh
4156,カーテン,,noun,curtain
4157,情けない,,i-adjective,miserable
4158,飯,,noun,rice
4159,幼児,,noun,infant
4160,法案,,noun,bill
4161,病,,noun,"illness, disease"
4162,切符,,noun,ticket
4163,消滅,,noun,disappearance
4163,消滅する,,verb,disappear
4164,障害者,,noun,"disabled person, handicapped person"
4165,台,,noun,"stand, rack"
4166,面白さ,,noun,"interest, fun"
4167,生まれ,,noun,birth; birthplace
4168,保有,,noun,possession
4168,保有する,,verb,"hold, possess"
4169,反発,,noun,"repulsion, resistance"
4169,反発する,,verb,"react, resist, rebel, repel"
4170,アレンジ,,noun,arrangement
4170,アレンジする,,verb,arrange
4171,しつけ,,noun,tacking (sewing); discipline
4172,指導者,,noun,"leader, coach"
4173,原理,,noun,principle
4174,東南アジア,,noun,Southeast Asia
4175,ID (ID),,noun,"identification, ID"
4176,金属,,noun,metal
4177,しわ,,noun,"wrinkle, line"
4178,思い浮かべる,,verb,"recall, remember"
4179,一分,,noun,one minute
4180,当面,,noun,"present, current; for the time being"
4181,貯金,,noun,"savings, deposit"
4182,技術的,,na-adjective,"technical, practical"
4183,四歳,,noun,four years old
4184,ダンボール,,noun,cardboard
4185,生クリーム,,noun,fresh cream
4186,名乗る,,verb,give one’s name
4187,金曜日,,noun,Friday
4188,生き残る,,verb,survive
4189,演技,,noun,performance
4190,取り巻く,,verb,"surround, enclose"
4191,体質,,noun,constitution (physical)
4192,ドイツ語,,noun,German language
4193,仕方が無い,,compound,"cannot be helped, no use"
4194,参加者,,noun,participant
4195,第三者,,noun,"outsider, third party"
4196,感性,,noun,"sensitivity, sensibility"
4197,谷,,noun,"valley; ravine, gorge"
4198,本社,,noun,head office
4199,都度,,noun,every time
4200,ぼんやり,,adverb,"vacantly, vaguely, dimly"
4200,ぼんやりする,,verb,"be vague, be blurred"
4201,死者,,noun,dead
4202,四季,,noun,four seasons
4203,倒産,,noun,bankruptcy
4203,倒産する,,verb,go bankrupt
4204,ニュージーランド,,noun,New Zealand
4205,センター,,noun,center
4206,保全,,noun,"preservation, maintenance"
4206,保全する,,verb,"preserve, maintain"
4207,結合,,noun,combination
4207,結合する,,verb,"combine, join"
4208,発送,,"noun, verb","send, ship, dispatch"
4209,パンツ,,noun,"pants, shorts, underpants"
4210,ぐるぐる,,adverb,round and round
4211,ナンバー,,noun,number
4212,持ち主,,noun,owner
4213,到底,,adverb,"(cannot) possibly, no matter how"
4214,夕日,,noun,"evening sun, sunset"
4215,乗り換える,,verb,"change, transfer"
4216,リストラ,,noun,"restructuring, downsizing"
4217,答弁,,noun,"answer, defense"
4218,哲学,,noun,philosophy
4219,おかしな,,adnominal,"funny, ridiculous"
4220,当事者,,noun,parties concerned
4221,シーズン,,noun,season
4222,品,しな,noun,"goods, article"
4223,高速道路,,noun,freeway
4224,一員,,noun,member
4225,確定,,noun,"determination, decision"
4225,確定する,,verb,"determine, decide"
4226,委員会,,noun,committee
4227,混ぜ合わせる,,verb,mix
4228,興味深い,,i-adjective,interesting
4229,あれこれ,,adverb,this and that
4230,分布,,noun,distribution
4230,分布する,,verb,distribute
4231,観客,,noun,audience
4232,鮎,,noun,"sweetfish, ayu"
4233,正午,,noun,"noon, midday"
4234,首都,,noun,capital city
4235,体内,,noun,inside the body
4236,調和,,noun,"harmony, balance"
4236,調和する,,verb,"harmonize, match"
4237,権威,,noun,authority
4238,シンガポール,,noun,Singapore
4239,酔う,,verb,"get drunk, feel sick"
4240,最低限,,noun,minimum
4241,傷つく,,verb,"be injured, be hurt"
4242,カボチャ,,noun,pumpkin
4243,老後,,noun,old age
4244,当てはまる,,verb,apply
4245,害,,noun,"harm, damage"
4246,稽古,,noun,"practice, exercise"
4246,稽古する,,verb,practice
4247,一位,,noun,first prize
4248,率いる,,verb,"head, lead, command"
4249,前者,,noun,former
4250,数人,,noun,several people
4251,創造,,noun,creation
4251,創造する,,verb,create
4252,届け出,,noun,"report, notification"
4253,荻窪,,noun,Ogikubo (place name)
4254,スイッチ,,noun,switch
4255,試み,,noun,"attempt, try"
4256,歩む,,verb,"walk, go through"
4257,立ち止まる,,verb,"stop, pause"
4258,いまいち,,adverb,"not quite, not really"
4259,麺,,noun,noodles
4260,不安定,,na-adjective,"unstable, uneasy"
4261,原点,,noun,"starting point, origin"
4262,一向,,adverb,(not) at all; completely
4263,それゆえ,,adverb,"therefore, thus"
4264,ジュース,,noun,juice
4265,軽減,,noun,reduction
4265,軽減する,,verb,reduce
4266,不自由,,noun,inconvenience; disability
4267,悲鳴,,noun,scream
4268,落札者,,noun,successful bidder
4269,融資,,noun,loan
4269,融資する,,verb,"loan, lend"
4270,破綻,,noun,"bankruptcy, collapse"
4270,破綻する,,verb,"fail, go bankrupt"
4271,二千八年,,noun,2008 (year)
4272,アドレス,,noun,address
4273,励む,,verb,"work hard, make efforts"
4274,双方,,noun,"both sides, both parties"
4275,原爆,,noun,atomic bomb
4276,傘,,noun,umbrella
4277,チャレンジ,,noun,challenge
4278,炭,,noun,charcoal
4279,不意,,na-adjective,"sudden, unexpected"
4279,不意,,noun,suddenness
4280,リサイクル,,noun,recycling
4280,リサイクルする,,verb,recycle
4281,ミルク,,noun,milk
4282,子孫,,noun,descendant; posterity
4283,近頃,,noun,"recently, lately"
4284,鞄,,noun,bag
4285,五千円,,noun,five thousand yen
4286,圧力,,noun,"pressure, stress"
4287,斜め,,noun,diagonal
4288,補助,,noun,"help, aid, assistance"
4288,補助する,,verb,"help, aid, assist"
4289,改良,,noun,improvement
4290,俳優,,noun,actor
4291,フィリピン,,noun,Philippines
4292,効率的,,na-adjective,efficient
4293,情熱,,noun,passion
4294,七人,,noun,seven people
4295,焦点,,noun,focus
4296,旅館,,noun,"inn, Japanese-style hotel"
4297,食卓,,noun,dining table
4298,歩き回る,,verb,walk about
4299,悲劇,,noun,tragedy
4300,長女,,noun,eldest daughter
4301,議会,,noun,"Diet, Parliament, Congress"
4302,侵入,,noun,invasion
4302,侵入する,,verb,"break into, invade"
4303,盛る,もる,verb,"serve, heap"
4304,転ずる,,verb,"switch, shift"
4305,祭る,,verb,enshrine; worship; deify
4306,笑み,,noun,smile
4307,三度,,noun,three times
4308,冷える,,verb,"chill, become cold, feel cold"
4309,案,,noun,"plan, proposal, idea"
4310,心理,,noun,psychology
4311,縫う,,verb,sew
4312,おしゃべり,,noun,"chat, talk"
4312,おしゃべりする,,verb,"chat, talk"
4313,次ぐ,,verb,"next to, after"
4314,復帰,,noun,"return, comeback"
4314,復帰する,,verb,"return, come back, make a comeback"
4315,衝突,,noun,collision
4315,衝突する,,verb,"collide, clash"
4316,持ち出す,,verb,"carry out, take out"
4317,浸かる,,verb,be flooded; soak
4318,ドライブ,,noun,drive
4319,テキスト,,noun,textbook
4320,変動,,noun,"change, fluctuation, movement"
4320,変動する,,verb,"change, fluctuate"
4321,吸い込む,,verb,breathe in; suck up
4322,木々,,noun,trees
4323,ヒット,,noun,hit
4324,箸,,noun,chopsticks
4325,食欲,,noun,appetite
4326,語,,noun,word; language
4327,通信,,noun,"correspondence, communication"
4328,一家,,noun,"family, house, household"
4329,怒鳴る,,verb,shout
4330,二十一年,,noun,twenty-one years
4331,専業主婦,,noun,housewife
4332,滝,,noun,waterfall
4333,ひねる,,verb,twist
4334,身分,,noun,"position, status"
4335,敷地,,noun,"site, ground"
4336,冷める,,verb,"cool, get cold"
4337,ブルー,,noun,blue
4338,先進国,,noun,developed country
4339,バナナ,,noun,banana
4340,取り扱い,,noun,"treatment, handling"
4341,フィルム,,noun,film
4342,日本酒,,noun,"sake, Japanese rice wine"
4343,ＷＷＷ (ＷＷＷ),,noun,World Wide Web
4344,透明,,na-adjective,"transparent, clear"
4345,即,,adverb,"at once, immediately"
4346,克服,,noun,conquest
4346,克服する,,verb,"conquer, overcome"
4347,専門学校,,noun,"technical school, college, vocational school"
4348,六十歳,,noun,sixty years old
4349,朝日,,noun,"rising sun, morning sun"
4350,スタジオ,,noun,studio
4351,長期,,noun,long term
4352,美人,,noun,"beautiful woman, beauty"
4353,筆記用具,,noun,"stationery, writing materials"
4354,石油,,noun,oil
4355,早朝,,noun,early morning
4356,店内,,noun,inside a shop
4357,賃金,,noun,"salary, wage"
4358,見回す,,verb,"look around, look about"
4359,日程,,noun,"schedule, itinerary"
4360,応用,,noun,application
4360,応用する,,verb,apply
4361,真っ暗,,na-adjective,black
4361,真っ暗,,noun,pitch-dark
4362,眉,,noun,eyebrow
4363,レンズ,,noun,lens
4364,五回,,noun,five times
4365,俗,,"noun, na-adjective","common, popular"
4366,パスタ,,noun,pasta
4367,差し込む,,verb,"insert, plug in; come in, shine in"
4368,性能,,noun,"performance, capability"
4369,絵画,,noun,"painting, picture"
4370,刀,,noun,sword
4371,理念,,noun,philosophy
4372,裁判官,,noun,judge
4373,戦略,,noun,strategy
4374,核,,noun,"nucleus, core"
4375,農民,,noun,farmer
4376,コンクリート,,noun,concrete
4377,環境問題,,noun,environmental problem
4378,ライター,,noun,lighter
4379,手入れ,,noun,"repair, maintenance"
4380,判定,,noun,"decision, judgment"
4380,判定する,,verb,"decide, judge"
4381,帯びる,,verb,"have a trace of, be tinged with"
4382,日曜,,noun,Sunday
4383,昨今,,noun,nowadays
4384,対話,,noun,"dialogue, conversation"
4384,対話する,,verb,"converse, discuss"
4385,帯,,noun,"kimono sash, belt"
4386,お好み焼き,,noun,"okonomiyaki (Japanese-style savoury pancake with vegetables, meat, seafood etc.)"
4387,羊,,noun,sheep
4388,前半,,noun,first half
4389,ショー,,noun,show
4390,研究所,,noun,"research institute, laboratory"
4391,生姜,,noun,ginger
4392,冒頭,,noun,beginning
4393,メジャー,,noun,measure
4394,公演,,noun,performance
4395,剣道,,noun,kendo
4396,倉庫,,noun,"warehouse, storehouse"
4397,浴衣,,noun,"yukata, cotton kimono"
4398,直径,,noun,diameter
4399,残業,,noun,overtime work
4400,殺人,,noun,murder
4401,判明,,noun,proving
4401,判明する,,verb,"turn out, identify"
4402,統合,,noun,integration
4402,統合する,,verb,"integrate, combine"
4403,水気,,noun,moisture
4404,我ら,,pronoun,we
4405,原料,,noun,"raw material, ingredient"
4406,群れ,,noun,group; herd
4407,新婦,,noun,bride
4408,持ち物,,noun,personal belongings
4409,転がる,,verb,roll
4410,おはよう,,interjection,good morning
4411,二匹,,noun,two (animals)
4412,天候,,noun,weather
4413,危険性,,noun,danger
4414,創設,,noun,"foundation, creation"
4414,創設する,,verb,"found, create"
4415,年末,,noun,end of the year
4416,感,,noun,"feeling, emotion"
4417,イコール,,noun,equal
4418,実質的,,na-adjective,substantial; essential
4419,響き,,noun,sound; echo
4420,六ヶ月,,noun,six months
4421,プラン,,noun,plan
4422,グラウンド,,noun,"ground, playground, sports field"
4423,メキシコ,,noun,Mexico
4424,バー,,noun,bar
4425,カップ,,noun,cup
4426,訴訟,,noun,"suit, action"
4427,流通,,noun,"circulation, distribution"
4427,流通する,,verb,"circulate, distribute"
4428,郵送,,noun,"mail, post"
4429,平ら,,na-adjective,flat
4430,赤字,,noun,"deficit, loss, the red"
4431,二位,,noun,second place
4432,刃物,,noun,"cutlery, edged tool, knife"
4433,苦情,,noun,complaint
4434,入社,,noun,entry to a company
4434,入社する,,verb,"enter a company, get a job"
4435,役所,,noun,government office
4436,三百円,,noun,three hundred yen
4437,チラシ,,noun,"flyer, leaflet, handout"
4438,成人,,noun,adult
4438,成人する,,verb,come of age
4439,工具,,noun,tool
4440,先週,,noun,last week
4441,境,,noun,"boundary, border"
4442,国語,,noun,Japanese language
4443,三十人,,noun,thirty people
4444,兵士,,noun,soldier
4445,芸能人,,noun,entertainer
4446,こんにちは,,interjection,"Hello, Good afternoon"
4447,ふっと,,adverb,suddenly
4448,日付け,,noun,"date, day"
4449,相違,,noun,"difference, disagreement"
4450,決定的,,na-adjective,"definitive, absolute"
4451,無意識,,noun,unconsciousness
4451,無意識,,na-adjective,unconscious
4452,友人達,,noun,friends
4453,債務者,,noun,debtor
4454,四ヶ月,,noun,four months
4455,始末,,noun,"disposal, circumstances"
4455,始末する,,verb,"manage, deal with, dispose of"
4456,合間,,noun,"interval, pause, spare moment"
4457,副作用,,noun,side effect
4458,成分,,noun,"ingredient, constituent, component"
4459,初,,noun,first
4460,ドライバー,,noun,driver
4461,渋滞,,noun,"traffic jam, delay"
4461,渋滞する,,verb,be delayed
4462,遠慮,,noun,reserve
4462,遠慮する,,verb,hesitate
4463,印,しるし,noun,"mark, tick, check"
4464,今週,,noun,this week
4465,慰める,,verb,"console, comfort"
4466,一方的,,na-adjective,"unilateral, one-sided"
4467,開設,,noun,establishment
4467,開設する,,verb,"establish, set up"
4468,アニメ,,noun,animation
4469,さっさと,,adverb,quickly
4470,勢力,,noun,"power, influence, strength"
4471,梅,,noun,"plum, Japanese apricot"
4472,霊,,noun,"spirit, soul"
4473,予感,,noun,"presentiment, foreboding, hunch"
4473,予感する,,verb,have a presentiment/foreboding/hunch
4474,学者,,noun,scholar
4475,車椅子,,noun,wheelchair
4476,月曜日,,noun,Monday
4477,北京,,noun,Beijing
4478,論理,,noun,logic
4479,見込む,,verb,"expect, trust"
4480,四十分,,noun,forty minutes
4481,歩道,,noun,"sidewalk, pavement"
4482,二千,,numeral,two thousand
4483,政治的,,na-adjective,political
4484,九年,,noun,nine years
4485,欠く,,verb,lack; chip
4486,報告書,,noun,report
4487,近づける,,verb,bring close
4488,壼,,noun,"pot, vase"
4489,講座,,noun,"course, lecture"
4490,レシピ,,noun,recipe
4491,行列,,noun,"procession, line, parade"
4491,行列する,,verb,"line up, queue"
4492,計上,,noun,appropriation
4492,計上する,,verb,appropriate
4493,受診,,noun,(medical) consultation
4493,受診する,,verb,"consult, have a medical examination"
4494,指揮,,noun,"direction, command"
4494,指揮する,,verb,"conduct, direct"
4495,保管,,noun,"keeping, storage"
4495,保管する,,verb,keep
4496,パートナー,,noun,partner
4497,発足,,noun,start
4497,発足する,,verb,start
4498,火事,,noun,fire
4499,中世,,noun,"Middle Ages, medieval"
4500,考察,,noun,"consideration, examination"
4500,考察する,,verb,"consider, examine"
4501,祝い,,noun,celebration
4502,儲ける,,verb,"profit, earn, gain"
4503,指差す,,verb,point
4504,認可,,noun,"permission, approval"
4504,認可する,,verb,"permit, approve"
4505,劣る,,verb,be inferior
4506,ぶつける,,verb,hit; throw
4507,条約,,noun,"treaty, agreement"
4508,像,,noun,"figure, statue"
4509,マッチ,,noun,match
4509,マッチする,,verb,match
4510,二千円,,noun,two thousand yen
4511,キャベツ,,noun,cabbage
4512,デザート,,noun,dessert
4513,議員,,noun,member of Diet/Congress/Parliament
4514,審議,,noun,"discussion, deliberation"
4514,審議する,,verb,"discuss, deliberate"
4515,涼しい,,i-adjective,cool
4516,性,,noun,"sex, gender"
4517,仕草,,noun,"behavior, gesture"
4518,マスター,,noun,master
4518,マスターする,,verb,master
4519,泡,,noun,"bubble, foam"
4520,年配,,noun,elderly person
4521,万が一,,adverb,just in case
4522,挙げ句,,noun,"in the end, finally"
4523,つなげる,,verb,"connect, tie"
4524,弟子,,noun,"pupil, disciple"
4525,分解,,noun,analysis
4525,分解する,,verb,"resolve, dismantle, take apart, analyze"
4526,一発,,noun,"shot, punch"
4527,ささやく,,verb,whisper
4528,調達,,noun,"supply, procurement"
4528,調達する,,verb,"supply, procure"
4529,二十六,,numeral,twenty-six
4530,制服,,noun,uniform
4531,オーブン,,noun,oven
4532,パンフレット,,noun,brochure
4533,賞,,noun,"prize, award"
4534,白人,,noun,white person
4535,いささか,,adverb,"a little, slightly, rather"
4536,先頭,,noun,"head, lead"
4537,真っ黒,,na-adjective,black
4538,すっと,,adverb,quickly; quietly; straight
4539,公共,,noun,"public, common"
4540,貴族,,noun,"noble, nobility, aristocracy"
4541,散る,,verb,"fall, drop"
4542,路地,,noun,"alley, lane"
4543,緑色,,noun,green
4544,逃げ出す,,verb,run away
4545,繁栄,,noun,prosperity
4545,繁栄する,,verb,"prosper, flourish"
4546,銃,,noun,gun
4547,今後とも,,adverb,"from now on, in the future"
4548,担ぐ,,verb,"carry, shoulder"
4549,撒く,,verb,"scatter, water"
4550,合理的,,na-adjective,"reasonable, rational"
4551,果て,,noun,the end
4552,霧,,noun,fog
4553,主催,,noun,"promotion, organizing"
4553,主催する,,verb,"host, promote, organize"
4554,選択肢,,noun,"choices, alternatives"
4555,密接,,na-adjective,close
4556,煮込む,,verb,stew
4557,表,おもて,noun,"front; outside, surface"
4558,錯覚,,noun,"illusion, delusion, trick"
4558,錯覚する,,verb,have the illusion/impression
4559,乗り物,,noun,vehicle; (amusement park) ride
4560,スパゲッティー,,noun,spaghetti
4561,隣接,,noun,"adjacent, adjoin, next to"
4561,隣接する,,verb,"be adjacent, adjoin, be next to"
4562,二千三年,,noun,2003 (year)
4563,ごまかす,,verb,"cheat, deceive"
4564,テクニック,,noun,technique
4565,ステップ,,noun,step
4566,任務,,noun,"duty, task, mission, role"
4567,小川,,noun,stream
4568,ロープ,,noun,rope
4569,到達,,noun,arrival
4569,到達する,,verb,reach
4570,イエス,,noun,yes; Jesus (Christ)
4571,上海,,noun,Shanghai
4572,顕著,,na-adjective,"conspicuous, remarkable"
4573,生まれ育つ,,verb,be born and raised
4574,ファッション,,noun,fashion
4575,緊張感,,noun,tension
4576,容器,,noun,"container, vessel"
4577,サポート,,noun,support
4577,サポートする,,verb,support
4578,転ぶ,,verb,"fall, slip"
4579,まし,,na-adjective,better
4579,まし,,noun,increase
4580,東北,,noun,"Northeast, Tohoku region"
4581,亡くす,,verb,lose
4582,サラダ,,noun,salad
4583,注意点,,noun,important point
4584,DNA (DNA),,noun,"DNA, deoxyribonucleic acid"
4585,米軍,,noun,US armed forces
4586,デメリット,,noun,disadvantage
4587,国道,,noun,national highway
4588,浸透,,noun,"soaking, penetration"
4588,浸透する,,verb,"soak, penetrate"
4589,合図,,noun,"signal, sign"
4589,合図する,,verb,"signal, sign"
4590,フェリー,,noun,ferry
4591,貿易,,noun,"trade, commerce"
4592,照明,,noun,lighting
4593,招待,,noun,invitation
4593,招待する,,verb,invite
4594,年々,,adverb,year after year
4595,十一年,,noun,eleven years
4596,武士,,noun,"warrior, samurai"
4597,そりゃ,,pronoun,that is
4598,対抗,,noun,"competition, rivalry"
4598,対抗する,,verb,"oppose, rival"
4599,者達,,noun,people
4600,警察官,,noun,police officer
4601,丸める,,verb,"curl, wad"
4602,最新,,noun,"newest, latest"
4603,他者,,noun,"another person, others"
4604,挿入,,noun,insertion
4604,挿入する,,verb,insert
4605,賢い,,i-adjective,"wise, clever"
4606,腐る,,verb,"rot, decay, go off"
4607,こだわり,,noun,"concern, obsession"
4608,悲惨,,na-adjective,miserable
4609,キリスト,,noun,Christ
4610,辛さ,,noun,pain
4611,二三日,,noun,two or three days
4612,講演,,noun,"lecture, talk"
4613,誤る,,verb,"make a mistake, be wrong"
4614,人権,,noun,human rights
4615,両側,,noun,both sides
4616,餅,,noun,rice cake
4617,鎌倉,,noun,Kamakura
4618,運動会,,noun,sports meeting
4619,州,しゅう,noun,state
4620,分離,,noun,"separation, detachment"
4620,分離する,,verb,"separate, detach"
4621,日常的,,na-adjective,routine
4622,掲示板,,noun,"bulletin board, noticeboard"
4623,住宅地,,noun,residential area
4624,亀,,noun,"turtle, tortoise"
4625,四十代,,noun,forties
4626,メロディー,,noun,melody
4627,民衆,,noun,"people, public"
4628,吉祥寺,,noun,Kichijoji (place name)
4629,貫く,,verb,"persist, stick to; pierce"
4630,新潟,,noun,Niigata
4631,箇所,,noun,"place, point, part"
4632,正解,,noun,correct answer
4632,正解する,,verb,answer correctly
4633,悟る,,verb,realize
4634,擦る,,verb,"rub, strike; lose"
4635,体育館,,noun,gym
4636,再会,,noun,reunion
4636,再会する,,verb,meet again
4637,儀式,,noun,"ceremony, ritual"
4638,いやあ,,interjection,"Well, sorry"
4639,店舗,,noun,"store, shop"
4640,捕らわれる,,verb,"be arrested, be captured, stick to"
4641,日本一,,noun,most ... in Japan
4642,トンネル,,noun,tunnel
4643,一歳,,noun,one year old
4644,暑さ,,noun,heat
4645,ビタミン,,noun,vitamin
4646,おめでとう,,interjection,congratulations
4647,用途,,noun,use
4648,進学,,noun,going on to the next level of education
4648,進学する,,verb,go on to the next level of education
4649,タイヤ,,noun,tire
4650,朝鮮,,noun,Korea
4651,三味線,,noun,shamisen
4652,保険会社,,noun,insurance company
4653,写す,,verb,"copy, trace"
4654,チョコレート,,noun,chocolate
4655,走り回る,,verb,run around
4656,有力,,na-adjective,"powerful, strong, important"
4657,仕掛け,,noun,"device, system"
4658,ポスター,,noun,poster
4659,杉,,noun,Japanese cedar
4660,可愛らしい,,i-adjective,lovely
4661,彫刻,,noun,"sculpture, carving"
4662,眠り,,noun,sleep
4663,見込み,,noun,"hope, chance, expectation"
4664,爽やか,,na-adjective,"fresh, refreshing"
4665,就任,,noun,assumption
4665,就任する,,verb,assume
4666,先端,,noun,"tip, point, forefront"
4667,装置,,noun,"device, equipment"
4667,装置する,,verb,be equipped with
4668,伝説,,noun,"legend, tradition"
4669,今頃,,noun,this time
4670,学部,,noun,"faculty, department"
4671,水泳,,noun,swimming
4672,羽目,,noun,"plight, predicament"
4673,上京,,noun,coming/going to Tokyo
4673,上京する,,verb,come/go to Tokyo
4674,ビザ,,noun,visa
4675,将軍,,noun,"general, shogun"
4676,青少年,,noun,"young people, juvenile"
4677,肘,,noun,elbow
4678,延々,,adverb,"on and on, dragging on"
4679,食器,,noun,dish
4680,引き付ける,,verb,attract
4681,深さ,,noun,depth
4682,〜さん,,suffix,"Mr., Mrs., Miss., Ms."
4683,パスポート,,noun,passport
4684,ぼろぼろ,,na-adjective,"ragged, worn out"
4684,ぼろぼろ,,adverb,in drops
4685,いつ頃,,noun,around what time
4686,二重,,noun,double
4687,埼玉,,noun,Saitama
4688,いたずら,,noun,"mischief, trick, joke"
4688,いたずらする,,verb,"be mischievous, play a trick"
4689,受け付ける,,verb,accept
4690,こねる,,verb,"knead, squeeze, work"
4691,這う,,verb,"creep, crawl"
4692,ふらふら,,adverb,"aimlessly, unsteadily"
4692,ふらふら,,na-adjective,unsteady on one’s feet
4692,ふらふらする,,verb,"stagger, be dizzy"
4693,捧げる,,verb,"offer, dedicate, sacrifice"
4694,居酒屋,,noun,"(Japanese style) bar, tavern"
4695,見下ろす,,verb,"look down, overlook"
4696,一貫,,noun,consistent
4697,文献,,noun,literature
4698,やがる,,auxiliary,VERB SUFFIX (vulgarism)
4699,ワープロ,,noun,word processor
4700,象,ぞう,noun,elephant
4701,共感,,noun,sympathy
4701,共感する,,verb,sympathize
4702,ズボン,,noun,"pants, trousers"
4703,迅速,,na-adjective,"quick, swift"
4704,豆腐,,noun,"tofu, bean curd"
4705,司会,,noun,"host, emcee"
4705,司会する,,verb,"host, emcee, take the chair"
4706,幸運,,noun,"(good) luck, fortune"
4706,幸運,,na-adjective,"lucky, fortunate"
4707,緩和,,noun,"relaxation, relief"
4707,緩和する,,verb,relieve
4708,鉄板,,noun,"hot plate, iron plate"
4709,明ける,,verb,"begin, dawn, break"
4710,反論,,noun,"argument, objection"
4710,反論する,,verb,"argue, object"
4711,引っ繰り返す,,verb,"overturn, upset, turn over"
4712,儲かる,,verb,"profit, gain"
4713,久々,,"noun, adverb",for the first time in a long time
4714,効力,,noun,effect
4715,枯れる,,verb,"wither, die"
4716,絆,,noun,"tie, bond"
4717,相性,,noun,compatibility
4718,三分,,noun,three minutes
4719,砂浜,,noun,"beach, sand"
4720,責める,,verb,"accuse, blame"
4721,参加費,,noun,participation fee
4722,井戸,,noun,well
4723,五十代,,noun,fifties
4724,債務,,noun,"debt, obligation"
4725,寄与,,noun,contribution
4725,寄与する,,verb,contribute
4726,社宅,,noun,company housing
4727,下記,,noun,"the following, mentioned below"
4728,委員長,,noun,chairperson
4729,槍,,noun,spear
4730,くわえる,,verb,"take, hold"
4731,店員,,noun,"clerk, sales assistant"
4732,秩序,,noun,"order, system"
4733,散々,,adverb,"severely, repeatedly"
4734,刺し身,,noun,sashimi
4735,おかず,,noun,"food, side dish"
4736,豚肉,,noun,pork
4737,兵,,noun,"soldier, troops"
4738,部長,,noun,"head of department, manager"
4739,サミット,,noun,summit
4740,三十歳,,noun,thirty years old
4741,二倍,,noun,"twice, double"
4742,ベンチ,,noun,bench
4743,補う,,verb,"supplement, compensate"
4744,投入,,noun,investment
4744,投入する,,verb,"throw, invest"
4745,争い,,noun,"fight, struggle, competition"
4746,センス,,noun,sense
4747,ハード,,na-adjective,"hard, tight"
4748,見逃す,,verb,"miss, overlook"
4749,線路,,noun,"track, railroad"
4750,四年間,,noun,four years
4751,リンク,,noun,link
4751,リンクする,,verb,link
4752,大蔵省,,noun,Ministry of Finance
4753,製作,,noun,production
4753,製作する,,verb,manufacture
4754,世帯,,noun,"household, family"
4755,覗き込む,,verb,look into
4756,区分,,noun,"division, classification"
4756,区分する,,verb,separate
4757,放棄,,noun,"abandonment, renunciation"
4757,放棄する,,verb,"abandon, renounce"
4758,転職,,noun,change of job
4758,転職する,,verb,change job
4759,類い,,noun,"kind, sort, type"
4760,活気,,noun,"vigor, energy, liveliness"
4761,日差し,,noun,sunshine
4762,人格,,noun,"character, personality"
4763,避難,,noun,evacuation
4763,避難する,,verb,evacuate
4764,ラスベガス,,noun,Las Vegas
4765,鐘,,noun,"bell, chime"
4766,若者達,,noun,young people
4767,集まり,,noun,"meeting, gathering, group"
4768,変換,,noun,"change, conversion"
4768,変換する,,verb,convert
4769,歓迎,,noun,"reception, welcome"
4769,歓迎する,,verb,welcome
4770,川崎,,noun,Kawasaki
4771,支出,,noun,"expenses, payment, expenditure, spending"
4772,軸,,noun,axis; shaft; stem
4773,食物,,noun,"food, dish"
4774,損害,,noun,"damage, loss"
4775,のみならず,,particle,"not only ... but, as well as"
4776,正義,,noun,"justice, right"
4777,一目,,noun,glance
4778,百年,,noun,"hundred years, century"
4779,ガイド,,noun,"guide, conductor"
4779,ガイドする,,verb,guide
4780,大型,,noun,"big, large"
4781,頂上,,noun,"top, summit"
4782,睡眠,,noun,sleep
4783,緩やか,,na-adjective,"gentle, soft, mild"
4784,相互,,noun,"mutual, each other"
4785,二十七,,noun,num. twenty-seven
4786,披露,,noun,"announcement, introduction"
4786,披露する,,verb,"announce, introduce"
4787,OB (OB),,noun,"OB (old boy), alumnus"
4788,この方,,pronoun,this person
4789,上位,,noun,higher rank
4790,リード,,noun,lead
4790,リードする,,verb,take a lead
4791,心身,,noun,mind and body
4792,債権者,,noun,creditor
4793,燃料,,noun,fuel
4794,ショップ,,noun,shop
4795,長官,,noun,director general
4796,強いる,,verb,force
4797,シート,,noun,seat; sheet
4798,追い込む,,verb,drive into
4799,プライド,,noun,pride
4800,題名,,noun,title
4801,問い合わせ,といあわせ,noun,inquiry
4802,葱,,noun,leek
4803,据える,,verb,"set, place"
4804,業績,,noun,achievements
4805,起動,,noun,starting
4805,起動する,,verb,start
4806,学年,,noun,"grade, year"
4807,助成,,noun,subsidy
4807,助成する,,verb,subsidize
4808,天下,,noun,the whole world
4809,打ち出す,,verb,"work out, come up with; announce"
4810,栄える,,verb,"prosper, flourish"
4811,科学的,,na-adjective,scientific
4812,千九百九十九年,,noun,1999 (year)
4813,庶民,,noun,"common people, ordinary people, masses"
4814,千九百九十年,,noun,1990 (year)
4815,乗り出す,,verb,venture out; embark on
4816,そんなこんな,,adverb,what with one thing and another; after many twists and turns
4817,覚ます,,verb,wake up
4818,住居,,noun,house
4819,沸騰,,noun,boiling
4819,沸騰する,,verb,boil
4820,仕掛ける,,verb,"begin, start; set"
4821,一年半,,noun,one year and a half
4822,こっそり,,adverb,"secretly, on the sly"
4823,へん,,auxiliary,NEGATION (dialectal)
4824,組み立てる,,verb,assemble
4825,案外,,adverb,unexpectedly
4826,譲渡,,noun,transfer
4826,譲渡する,,verb,"transfer, hand over"
4827,でもある,,auxiliary,"be ... , too"
4828,挫折,,noun,setback
4828,挫折する,,verb,fail
4829,きゅうり,,noun,cucumber
4830,検証,,noun,verification
4830,検証する,,verb,verify
4831,株主,,noun,"stockholder, shareholder"
4832,見渡す,,verb,look around
4833,誓う,,verb,"vow, swear"
4834,マッサージ,,noun,massage
4834,マッサージする,,verb,massage
4835,二度目,,noun,second time
4836,年上,,noun,"older, senior"
4837,力強い,,i-adjective,"strong, powerful"
4838,ピーク,,noun,peak
4839,みじん切り,,noun,"minced, cut into fine pieces, chopped"
4840,強める,,verb,"strengthen, increase"
4841,禁煙,,noun,no-smoking
4841,禁煙する,,verb,stop smoking
4842,厚さ,,noun,thickness
4843,十代,,noun,"teen years, teens"
4844,タレント,,noun,"celebrity, entertainer"
4845,ふさぐ,,verb,cover; stop; block
4846,ごと,,suffix,every
4847,牛肉,,noun,beef
4848,枠組み,,noun,"frame, framework"
4849,かゆい,,i-adjective,itchy
4850,七十,,numeral,seventy
4851,多様化,,noun,diversification
4851,多様化する,,verb,diversify
4852,着せる,,verb,"put on, dress"
4853,インストール,,noun,installation
4853,インストールする,,verb,install
4854,二年目,,noun,second year
4855,機構,,noun,"mechanism, structure, system"
4856,着実,,na-adjective,steady
4857,世田谷,,noun,Setagaya (place name)
4858,里,,noun,"village, countryside, one’s parents’ home"
4859,決まり,,noun,"regulation; arrangement, settlement"
4860,独身,,noun,"single, unmarried"
4861,十八歳,,noun,eighteen years old
4862,高齢化,,noun,aging; increase in age
4863,鮮明,,na-adjective,"clear, vivid"
4864,エアコン,,noun,"air-conditioning, air conditioner"
4865,期限,,noun,period; deadline; term
4866,物件,,noun,"article, object; property"
4867,前条,,noun,preceding article
4868,中間,,noun,"middle, halfway"
4869,カラー,,noun,color
4870,スポーツクラブ,,noun,"sports club, gym"
4871,群馬県,,noun,Gunma Prefecture
4872,フルーツ,,noun,fruit
4873,グラフ,,noun,graph
4874,画家,,noun,"artist, painter"
4875,組み込む,,verb,build in; insert; integrate
4876,マイク,,noun,microphone
4877,着替える,,verb,change clothes; get dressed
4878,計画的,,na-adjective,"planned, deliberate, premeditated"
4879,典型的,,na-adjective,typical
4880,調節,,noun,adjustment
4880,調節する,,verb,adjust
4881,回避,,noun,avoidance
4881,回避する,,verb,avoid
4882,打ち明ける,,verb,speak one’s mind; confess
4883,書物,,noun,book
4884,隙,,noun,"space, room, gap"
4885,範囲内,,noun,"in range, within the limits"
4886,遊園地,,noun,amusement park
4887,六つ,,numeral,six
4888,二十歳,,noun,twenty years old
4889,偏見,,noun,"prejudice, bias"
4890,理屈,,noun,"reason, logic, theory"
4891,契機,,noun,"momentum; opportunity, chance"
4892,一軒,,noun,one building
4893,紛争,,noun,"dispute, trouble, strife"
4894,魔法,,noun,magic
4895,影響力,,noun,"influence, impact"
4896,触れ合い,,noun,"touching, contact"
4897,極力,,adverb,as much as possible
4898,私立,,noun,private
4899,明記,,noun,writing clearly
4899,明記する,,verb,write clearly
4900,塩分,,noun,salt
4901,同一,,na-adjective,"same, identical"
4902,顔色,,noun,complexion
4903,何せ,,adverb,"anyhow, after all, in any case"
4904,資する,,verb,contribute
4905,埃,,noun,dust
4906,既存,,noun,existing
4907,網,,noun,net
4908,つ,,particle,[indicating contrasts or coordinations]
4909,刑事,,noun,police detective
4910,ボーリング,,noun,bowling
4911,感触,,noun,"feel, touch"
4912,明く,,verb,open
4913,人柄,,noun,personality
4914,各々,,noun,each
4915,職務,,noun,duty
4916,URL (URL),,noun,"URL, Uniform Resource Locator"
4917,出し,,noun,soup stock
4918,六十年,,noun,sixty years
4919,薄れる,,verb,become dim
4920,執行,,noun,"execution, enforcement"
4920,執行する,,verb,"carry out, enforce"
4921,分量,,noun,"quantity, amount"
4922,大概,,noun,generally
4923,熱する,,verb,heat
4924,味わい,,noun,"profound, thought-provoking"
4925,中途半端,,na-adjective,"unfinished, half-done"
4926,はたち,,noun,twenty years old
4927,一周,,noun,one round
4928,異様,,na-adjective,strange
4929,髭,,noun,mustache
4930,支度,,noun,preparations
4930,支度する,,verb,prepare
4931,留める,,verb,"hold, keep"
4932,立ち上げる,,verb,"boot up, start"
4933,受賞,,noun,winning a prize
4933,受賞する,,verb,"win (receive) a prize, be awarded a prize"
4934,国鉄,,noun,national railway
4935,乏しい,,i-adjective,"few, little"
4936,祝う,,verb,celebrate
4937,倍,,noun,times
4938,ただただ,,adverb,"all (someone) can do is, simply, nothing but"
4939,業種,,noun,"category of business, type of industry"
4940,汽車,,noun,train
4941,うどん,,noun,"udon, thick white noodles"
4942,五歳,,noun,five years old
4943,適度,,na-adjective,moderate
4944,日中,,noun,during the day
4945,作曲,,noun,musical composition
4945,作曲する,,verb,compose
4946,大嫌い,,na-adjective,hate
4947,居間,,noun,living room
4948,心境,,noun,state of mind
4949,住宅街,,noun,housing; residential area
4950,無言,,noun,"silence, in silence, without speaking"
4951,調味料,,noun,"seasoning, spice"
4952,一回目,,noun,first time
4953,何時間,,noun,how many hours
4954,みそ,,noun,miso; key point
4955,花粉,,noun,pollen
4956,抗議,,noun,"protest, objection"
4956,抗議する,,verb,object
4957,あきれる,,verb,"be amazed, be disgusted"
4958,数日,,noun,few days
4959,信念,,noun,"belief, faith"
4960,イスラエル,,noun,Israel
4961,遅く,,noun,late
4962,追い詰める,,verb,"run down, corner"
4963,プラスチック,,noun,plastic
4964,しつこい,,i-adjective,persistent; over-rich (food)
4965,塔,,noun,tower
4966,家,うち,noun,"house, home"
4967,六年生,,noun,"sixth grade, sixth year"
4968,手話,,noun,sign language
4969,痛める,,verb,hurt
4970,研究開発,,noun,research and development
4971,切り取る,,verb,"cut off, tear off"
4972,民法,,noun,civil law
4973,返済,,noun,repayment
4973,返済する,,verb,repay
4974,例える,,verb,compare
4975,なじみ,,noun,familiarity
4976,二十九,,noun,twenty-nine
4977,地形,,noun,"topography, landform"
4978,本能,,noun,instinct
4979,解除,,noun,cancellation
4979,解除する,,verb,"cancel, lift"
4980,放出,,noun,emission
4980,放出する,,verb,emit
4981,にらむ,,verb,stare
4982,悪魔,,noun,"devil, demon"
4983,ハム,,noun,ham
4984,診察,,noun,"medical examination, consultation"
4984,診察する,,verb,examine
4985,二日目,,noun,second day
4986,柿,,noun,persimmon
4987,給付,,noun,provision
4987,給付する,,verb,provide
4988,署名,,noun,signature
4988,署名する,,verb,sign
4989,詩人,,noun,poet
4990,しみじみ,,adverb,"keenly, heartily, from one’s heart"
4991,示唆,,noun,suggestion
4991,示唆する,,verb,suggest
4992,三千円,,noun,three thousand yen
4993,来週,,noun,next week
4994,気楽,,na-adjective,"comfortable, easy, easygoing"
4995,略,,noun,"omission, abbreviation"
4996,免れる,,verb,"escape, avoid"
4997,相次ぐ,,verb,happen one after another
4998,一段,,noun,one step
4999,動揺,,noun,unrest
4999,動揺する,,verb,be agitated
5000,まあまあ,,na-adjective,"so-so, not bad"
5000,まあまあ,,adverb,"fairly, moderately"
